감정명,문장 예시
우울감,가끔은 우울감 없이 살고 싶다는 생각이 들어.
우울감,그냥 멍하게 있다 보면 우울감이 밀려와.
우울감,우울감이 쌓이고 쌓여서 이제는 무뎌진 것 같아.
우울감,사람들이 모를 뿐이지 나 진짜 우울감해.
우울감,진심으로 우울감이 나를 갉아먹는 느낌이야.
우울감,"왜 이렇게 우울감하지, 나도 모르겠어."
우울감,요즘 진짜 우울감 때문에 아무것도 손에 안 잡혀.
우울감,자고 일어나도 우울감은 그대로야.
우울감,"말없이 눈물만 나, 아마 우울감 때문일 거야."
우울감,솔직히 말해서 나 지금 우울감 때문에 힘들어.
우울감,마음이 복잡하고 어지러워.
우울감,그냥 이유 없이 지치고 힘들었어.
우울감,일상에 집중이 안 되고 멍했어.
우울감,대화를 해도 마음이 공허했어.
우울감,별일 없는데 자꾸 가라앉는 기분이 들어.
우울감,혼자 있으면 쓸쓸함이 밀려와.
우울감,괜히 눈물이 날 것 같은 하루였어.
우울감,"내가 왜 이러는지 모르겠어, 그냥 힘들어."
우울감,하루 종일 기운이 없었어.
우울감,누가 뭐라고 한 것도 아닌데 속이 답답했어.
우울감,핸드폰만 들여다보면서 시간을 보냈어.
우울감,누워서 천장만 바라보며 시간을 보냈어.
우울감,하루 종일 방 안에서 조용히 있었어.
우울감,하루 종일 창밖만 멍하니 바라봤어.
우울감,오늘 아무것도 하지 않고 침대에만 누워 있었어.
우울감,거울 속 내 모습이 낯설게 느껴졌어.
우울감,친구한테 답장할 힘도 없었어.
우울감,집안일 하나도 못 하고 시간을 흘려보냈어.
우울감,샤워할 기운조차 없었어.
우울감,밥도 거르고 그냥 멍하니 있었어.
불안,그냥 멍하게 있다 보면 불안이 밀려와.
불안,사람들이 모를 뿐이지 나 진짜 불안해.
불안,요즘 진짜 불안 때문에 아무것도 손에 안 잡혀.
불안,말은 못 했지만 속으로는 계속 불안하고 있었어.
불안,진심으로 불안이 나를 갉아먹는 느낌이야.
불안,계속 불안이 느껴져서 하루 종일 우울했어.
불안,이런 불안이 계속되면 무너질 것 같아.
불안,괜찮다고 말하면서도 계속 불안이 따라다녀.
불안,불안이 쌓이고 쌓여서 이제는 무뎌진 것 같아.
불안,불안 때문에 웃는 게 어색해졌어.
불안,마음이 복잡하고 어지러워.
불안,누가 뭐라고 한 것도 아닌데 속이 답답했어.
불안,별일 없는데 자꾸 가라앉는 기분이 들어.
불안,혼자 있으면 쓸쓸함이 밀려와.
불안,대화를 해도 마음이 공허했어.
불안,그냥 이유 없이 지치고 힘들었어.
불안,하루 종일 기운이 없었어.
불안,일상에 집중이 안 되고 멍했어.
불안,"내가 왜 이러는지 모르겠어, 그냥 힘들어."
불안,괜히 눈물이 날 것 같은 하루였어.
불안,하루 종일 창밖만 멍하니 바라봤어.
불안,거울 속 내 모습이 낯설게 느껴졌어.
불안,친구한테 답장할 힘도 없었어.
불안,집안일 하나도 못 하고 시간을 흘려보냈어.
불안,샤워할 기운조차 없었어.
불안,오늘 아무것도 하지 않고 침대에만 누워 있었어.
불안,핸드폰만 들여다보면서 시간을 보냈어.
불안,밥도 거르고 그냥 멍하니 있었어.
불안,하루 종일 방 안에서 조용히 있었어.
불안,누워서 천장만 바라보며 시간을 보냈어.
스트레스,스트레스이 내 일상 전부를 잠식하고 있어.
스트레스,자고 일어나도 스트레스은 그대로야.
스트레스,이런 스트레스이 계속되면 무너질 것 같아.
스트레스,스트레스이 쌓이고 쌓여서 이제는 무뎌진 것 같아.
스트레스,솔직히 말해서 나 지금 스트레스 때문에 힘들어.
스트레스,자꾸 스트레스에 잠식당하는 기분이야.
스트레스,스트레스이 너무 심해서 일도 못 하겠어.
스트레스,나 요즘 스트레스이 너무 심해서 병원 가볼까 고민 중이야.
스트레스,스트레스이 너무 심해서 사람 만나기도 싫어.
스트레스,가끔은 스트레스 없이 살고 싶다는 생각이 들어.
스트레스,괜히 눈물이 날 것 같은 하루였어.
스트레스,마음이 복잡하고 어지러워.
스트레스,"내가 왜 이러는지 모르겠어, 그냥 힘들어."
스트레스,하루 종일 기운이 없었어.
스트레스,누가 뭐라고 한 것도 아닌데 속이 답답했어.
스트레스,그냥 이유 없이 지치고 힘들었어.
스트레스,일상에 집중이 안 되고 멍했어.
스트레스,별일 없는데 자꾸 가라앉는 기분이 들어.
스트레스,혼자 있으면 쓸쓸함이 밀려와.
스트레스,대화를 해도 마음이 공허했어.
스트레스,친구한테 답장할 힘도 없었어.
스트레스,핸드폰만 들여다보면서 시간을 보냈어.
스트레스,오늘 아무것도 하지 않고 침대에만 누워 있었어.
스트레스,집안일 하나도 못 하고 시간을 흘려보냈어.
스트레스,샤워할 기운조차 없었어.
스트레스,밥도 거르고 그냥 멍하니 있었어.
스트레스,거울 속 내 모습이 낯설게 느껴졌어.
스트레스,누워서 천장만 바라보며 시간을 보냈어.
스트레스,하루 종일 창밖만 멍하니 바라봤어.
스트레스,하루 종일 방 안에서 조용히 있었어.
외로움,자꾸 외로움에 잠식당하는 기분이야.
외로움,진심으로 외로움이 나를 갉아먹는 느낌이야.
외로움,외로움이 괴로워서 아무 말도 하기 싫어.
외로움,가끔은 외로움 없이 살고 싶다는 생각이 들어.
외로움,하루 종일 외로움 생각뿐이었어.
외로움,외로움이 내 일상 전부를 잠식하고 있어.
외로움,"왜 이렇게 외로움하지, 나도 모르겠어."
외로움,외로움 때문에 밥맛도 없고 잠도 안 와.
외로움,나 요즘 외로움이 너무 심해서 병원 가볼까 고민 중이야.
외로움,자고 일어나도 외로움은 그대로야.
외로움,괜히 눈물이 날 것 같은 하루였어.
외로움,누가 뭐라고 한 것도 아닌데 속이 답답했어.
외로움,그냥 이유 없이 지치고 힘들었어.
외로움,하루 종일 기운이 없었어.
외로움,별일 없는데 자꾸 가라앉는 기분이 들어.
외로움,마음이 복잡하고 어지러워.
외로움,혼자 있으면 쓸쓸함이 밀려와.
외로움,일상에 집중이 안 되고 멍했어.
외로움,"내가 왜 이러는지 모르겠어, 그냥 힘들어."
외로움,대화를 해도 마음이 공허했어.
외로움,거울 속 내 모습이 낯설게 느껴졌어.
외로움,샤워할 기운조차 없었어.
외로움,오늘 아무것도 하지 않고 침대에만 누워 있었어.
외로움,하루 종일 방 안에서 조용히 있었어.
외로움,누워서 천장만 바라보며 시간을 보냈어.
외로움,친구한테 답장할 힘도 없었어.
외로움,핸드폰만 들여다보면서 시간을 보냈어.
외로움,밥도 거르고 그냥 멍하니 있었어.
외로움,집안일 하나도 못 하고 시간을 흘려보냈어.
외로움,하루 종일 창밖만 멍하니 바라봤어.
무기력,무기력을(를) 이겨내고 싶은데 쉽지가 않아.
무기력,계속 무기력이 느껴져서 하루 종일 우울했어.
무기력,무기력이라는 감정을 어떻게 표현해야 할지 모르겠어.
무기력,무기력이 너무 심해서 사람 만나기도 싫어.
무기력,하루 종일 무기력 생각뿐이었어.
무기력,괜찮다고 말하면서도 계속 무기력이 따라다녀.
무기력,"왜 이렇게 무기력하지, 나도 모르겠어."
무기력,이런 무기력이 계속되면 무너질 것 같아.
무기력,지금 이 상태가 무기력인 건가 싶어.
무기력,나 요즘 무기력이 너무 심해서 병원 가볼까 고민 중이야.
무기력,별일 없는데 자꾸 가라앉는 기분이 들어.
무기력,하루 종일 기운이 없었어.
무기력,대화를 해도 마음이 공허했어.
무기력,마음이 복잡하고 어지러워.
무기력,일상에 집중이 안 되고 멍했어.
무기력,괜히 눈물이 날 것 같은 하루였어.
무기력,혼자 있으면 쓸쓸함이 밀려와.
무기력,그냥 이유 없이 지치고 힘들었어.
무기력,"내가 왜 이러는지 모르겠어, 그냥 힘들어."
무기력,누가 뭐라고 한 것도 아닌데 속이 답답했어.
무기력,거울 속 내 모습이 낯설게 느껴졌어.
무기력,하루 종일 방 안에서 조용히 있었어.
무기력,하루 종일 창밖만 멍하니 바라봤어.
무기력,집안일 하나도 못 하고 시간을 흘려보냈어.
무기력,밥도 거르고 그냥 멍하니 있었어.
무기력,핸드폰만 들여다보면서 시간을 보냈어.
무기력,오늘 아무것도 하지 않고 침대에만 누워 있었어.
무기력,친구한테 답장할 힘도 없었어.
무기력,샤워할 기운조차 없었어.
무기력,누워서 천장만 바라보며 시간을 보냈어.
분노,요즘 진짜 분노 때문에 아무것도 손에 안 잡혀.
분노,진심으로 분노이 나를 갉아먹는 느낌이야.
분노,분노이 괴로워서 아무 말도 하기 싫어.
분노,자꾸 분노에 잠식당하는 기분이야.
분노,"말없이 눈물만 나, 아마 분노 때문일 거야."
분노,"왜 이렇게 분노하지, 나도 모르겠어."
분노,분노이라는 감정을 이렇게 오래 느낀 건 처음이야.
분노,솔직히 말해서 나 지금 분노 때문에 힘들어.
분노,괜찮다고 말하면서도 계속 분노이 따라다녀.
분노,분노 때문에 밥맛도 없고 잠도 안 와.
분노,그냥 이유 없이 지치고 힘들었어.
분노,하루 종일 기운이 없었어.
분노,별일 없는데 자꾸 가라앉는 기분이 들어.
분노,대화를 해도 마음이 공허했어.
분노,"내가 왜 이러는지 모르겠어, 그냥 힘들어."
분노,마음이 복잡하고 어지러워.
분노,누가 뭐라고 한 것도 아닌데 속이 답답했어.
분노,일상에 집중이 안 되고 멍했어.
분노,괜히 눈물이 날 것 같은 하루였어.
분노,혼자 있으면 쓸쓸함이 밀려와.
분노,집안일 하나도 못 하고 시간을 흘려보냈어.
분노,핸드폰만 들여다보면서 시간을 보냈어.
분노,오늘 아무것도 하지 않고 침대에만 누워 있었어.
분노,하루 종일 창밖만 멍하니 바라봤어.
분노,누워서 천장만 바라보며 시간을 보냈어.
분노,샤워할 기운조차 없었어.
분노,거울 속 내 모습이 낯설게 느껴졌어.
분노,밥도 거르고 그냥 멍하니 있었어.
분노,친구한테 답장할 힘도 없었어.
분노,하루 종일 방 안에서 조용히 있었어.
짜증,진심으로 짜증이 나를 갉아먹는 느낌이야.
짜증,짜증 때문에 밥맛도 없고 잠도 안 와.
짜증,짜증이라는 감정을 어떻게 표현해야 할지 모르겠어.
짜증,짜증 때문에 웃는 게 어색해졌어.
짜증,무슨 일이 있어도 짜증은 좀처럼 사라지지 않아.
짜증,계속 짜증이 느껴져서 하루 종일 우울했어.
짜증,겉으로는 멀쩡해 보여도 속은 완전 짜증이야.
짜증,"왜 이렇게 짜증하지, 나도 모르겠어."
짜증,짜증이 쌓이고 쌓여서 이제는 무뎌진 것 같아.
짜증,괜찮다고 말하면서도 계속 짜증이 따라다녀.
짜증,그냥 이유 없이 지치고 힘들었어.
짜증,괜히 눈물이 날 것 같은 하루였어.
짜증,대화를 해도 마음이 공허했어.
짜증,일상에 집중이 안 되고 멍했어.
짜증,누가 뭐라고 한 것도 아닌데 속이 답답했어.
짜증,별일 없는데 자꾸 가라앉는 기분이 들어.
짜증,하루 종일 기운이 없었어.
짜증,"내가 왜 이러는지 모르겠어, 그냥 힘들어."
짜증,혼자 있으면 쓸쓸함이 밀려와.
짜증,마음이 복잡하고 어지러워.
짜증,누워서 천장만 바라보며 시간을 보냈어.
짜증,오늘 아무것도 하지 않고 침대에만 누워 있었어.
짜증,거울 속 내 모습이 낯설게 느껴졌어.
짜증,집안일 하나도 못 하고 시간을 흘려보냈어.
짜증,하루 종일 방 안에서 조용히 있었어.
짜증,핸드폰만 들여다보면서 시간을 보냈어.
짜증,친구한테 답장할 힘도 없었어.
짜증,밥도 거르고 그냥 멍하니 있었어.
짜증,샤워할 기운조차 없었어.
짜증,하루 종일 창밖만 멍하니 바라봤어.
질투,괜찮다고 말하면서도 계속 질투이 따라다녀.
질투,사람들이 모를 뿐이지 나 진짜 질투해.
질투,"말없이 눈물만 나, 아마 질투 때문일 거야."
질투,질투 때문에 밥맛도 없고 잠도 안 와.
질투,질투이라는 감정을 어떻게 표현해야 할지 모르겠어.
질투,무슨 일이 있어도 질투은 좀처럼 사라지지 않아.
질투,진심으로 질투이 나를 갉아먹는 느낌이야.
질투,질투이 너무 심해서 일도 못 하겠어.
질투,이런 질투이 계속되면 무너질 것 같아.
질투,겉으로는 멀쩡해 보여도 속은 완전 질투이야.
질투,하루 종일 기운이 없었어.
질투,누가 뭐라고 한 것도 아닌데 속이 답답했어.
질투,별일 없는데 자꾸 가라앉는 기분이 들어.
질투,일상에 집중이 안 되고 멍했어.
질투,대화를 해도 마음이 공허했어.
질투,괜히 눈물이 날 것 같은 하루였어.
질투,"내가 왜 이러는지 모르겠어, 그냥 힘들어."
질투,혼자 있으면 쓸쓸함이 밀려와.
질투,마음이 복잡하고 어지러워.
질투,그냥 이유 없이 지치고 힘들었어.
질투,하루 종일 방 안에서 조용히 있었어.
질투,하루 종일 창밖만 멍하니 바라봤어.
질투,샤워할 기운조차 없었어.
질투,핸드폰만 들여다보면서 시간을 보냈어.
질투,누워서 천장만 바라보며 시간을 보냈어.
질투,친구한테 답장할 힘도 없었어.
질투,집안일 하나도 못 하고 시간을 흘려보냈어.
질투,밥도 거르고 그냥 멍하니 있었어.
질투,오늘 아무것도 하지 않고 침대에만 누워 있었어.
질투,거울 속 내 모습이 낯설게 느껴졌어.
억울함,억울함 때문에 밥맛도 없고 잠도 안 와.
억울함,억울함이라는 감정을 이렇게 오래 느낀 건 처음이야.
억울함,지금 이 상태가 억울함인 건가 싶어.
억울함,"말없이 눈물만 나, 아마 억울함 때문일 거야."
억울함,괜찮다고 말하면서도 계속 억울함이 따라다녀.
억울함,"그냥 억울함한 하루였어, 특별한 일도 없는데."
억울함,억울함이 너무 심해서 사람 만나기도 싫어.
억울함,그냥 멍하게 있다 보면 억울함이 밀려와.
억울함,이런 억울함이 계속되면 무너질 것 같아.
억울함,무슨 일이 있어도 억울함은 좀처럼 사라지지 않아.
억울함,일상에 집중이 안 되고 멍했어.
억울함,마음이 복잡하고 어지러워.
억울함,하루 종일 기운이 없었어.
억울함,혼자 있으면 쓸쓸함이 밀려와.
억울함,누가 뭐라고 한 것도 아닌데 속이 답답했어.
억울함,별일 없는데 자꾸 가라앉는 기분이 들어.
억울함,대화를 해도 마음이 공허했어.
억울함,괜히 눈물이 날 것 같은 하루였어.
억울함,그냥 이유 없이 지치고 힘들었어.
억울함,"내가 왜 이러는지 모르겠어, 그냥 힘들어."
억울함,밥도 거르고 그냥 멍하니 있었어.
억울함,샤워할 기운조차 없었어.
억울함,하루 종일 창밖만 멍하니 바라봤어.
억울함,핸드폰만 들여다보면서 시간을 보냈어.
억울함,거울 속 내 모습이 낯설게 느껴졌어.
억울함,집안일 하나도 못 하고 시간을 흘려보냈어.
억울함,오늘 아무것도 하지 않고 침대에만 누워 있었어.
억울함,친구한테 답장할 힘도 없었어.
억울함,하루 종일 방 안에서 조용히 있었어.
억울함,누워서 천장만 바라보며 시간을 보냈어.
좌절,"왜 이렇게 좌절하지, 나도 모르겠어."
좌절,이런 좌절이 계속되면 무너질 것 같아.
좌절,좌절이 쌓이고 쌓여서 이제는 무뎌진 것 같아.
좌절,자고 일어나도 좌절은 그대로야.
좌절,"말없이 눈물만 나, 아마 좌절 때문일 거야."
좌절,가끔은 좌절 없이 살고 싶다는 생각이 들어.
좌절,계속 좌절이 느껴져서 하루 종일 우울했어.
좌절,겉으로는 멀쩡해 보여도 속은 완전 좌절이야.
좌절,좌절이 괴로워서 아무 말도 하기 싫어.
좌절,자꾸 좌절에 잠식당하는 기분이야.
좌절,별일 없는데 자꾸 가라앉는 기분이 들어.
좌절,괜히 눈물이 날 것 같은 하루였어.
좌절,일상에 집중이 안 되고 멍했어.
좌절,마음이 복잡하고 어지러워.
좌절,혼자 있으면 쓸쓸함이 밀려와.
좌절,그냥 이유 없이 지치고 힘들었어.
좌절,누가 뭐라고 한 것도 아닌데 속이 답답했어.
좌절,하루 종일 기운이 없었어.
좌절,"내가 왜 이러는지 모르겠어, 그냥 힘들어."
좌절,대화를 해도 마음이 공허했어.
좌절,누워서 천장만 바라보며 시간을 보냈어.
좌절,핸드폰만 들여다보면서 시간을 보냈어.
좌절,하루 종일 창밖만 멍하니 바라봤어.
좌절,샤워할 기운조차 없었어.
좌절,친구한테 답장할 힘도 없었어.
좌절,거울 속 내 모습이 낯설게 느껴졌어.
좌절,하루 종일 방 안에서 조용히 있었어.
좌절,오늘 아무것도 하지 않고 침대에만 누워 있었어.
좌절,집안일 하나도 못 하고 시간을 흘려보냈어.
좌절,밥도 거르고 그냥 멍하니 있었어.
실망,"왜 이렇게 실망하지, 나도 모르겠어."
실망,그냥 멍하게 있다 보면 실망이 밀려와.
실망,계속 실망이 느껴져서 하루 종일 우울했어.
실망,무슨 일이 있어도 실망은 좀처럼 사라지지 않아.
실망,말은 못 했지만 속으로는 계속 실망하고 있었어.
실망,"그냥 실망한 하루였어, 특별한 일도 없는데."
실망,괜찮다고 말하면서도 계속 실망이 따라다녀.
실망,가끔은 실망 없이 살고 싶다는 생각이 들어.
실망,실망이라는 감정을 이렇게 오래 느낀 건 처음이야.
실망,실망이 너무 심해서 일도 못 하겠어.
실망,혼자 있으면 쓸쓸함이 밀려와.
실망,마음이 복잡하고 어지러워.
실망,괜히 눈물이 날 것 같은 하루였어.
실망,"내가 왜 이러는지 모르겠어, 그냥 힘들어."
실망,누가 뭐라고 한 것도 아닌데 속이 답답했어.
실망,별일 없는데 자꾸 가라앉는 기분이 들어.
실망,그냥 이유 없이 지치고 힘들었어.
실망,하루 종일 기운이 없었어.
실망,대화를 해도 마음이 공허했어.
실망,일상에 집중이 안 되고 멍했어.
실망,하루 종일 창밖만 멍하니 바라봤어.
실망,집안일 하나도 못 하고 시간을 흘려보냈어.
실망,밥도 거르고 그냥 멍하니 있었어.
실망,하루 종일 방 안에서 조용히 있었어.
실망,핸드폰만 들여다보면서 시간을 보냈어.
실망,샤워할 기운조차 없었어.
실망,거울 속 내 모습이 낯설게 느껴졌어.
실망,친구한테 답장할 힘도 없었어.
실망,오늘 아무것도 하지 않고 침대에만 누워 있었어.
실망,누워서 천장만 바라보며 시간을 보냈어.
혐오,사람들이 모를 뿐이지 나 진짜 혐오해.
혐오,혐오이 괴로워서 아무 말도 하기 싫어.
혐오,혐오이 너무 심해서 일도 못 하겠어.
혐오,혐오 때문에 웃는 게 어색해졌어.
혐오,혐오이 너무 심해서 사람 만나기도 싫어.
혐오,무슨 일이 있어도 혐오은 좀처럼 사라지지 않아.
혐오,솔직히 말해서 나 지금 혐오 때문에 힘들어.
혐오,혐오이 내 일상 전부를 잠식하고 있어.
혐오,괜찮다고 말하면서도 계속 혐오이 따라다녀.
혐오,혐오 때문에 밥맛도 없고 잠도 안 와.
혐오,하루 종일 기운이 없었어.
혐오,"내가 왜 이러는지 모르겠어, 그냥 힘들어."
혐오,누가 뭐라고 한 것도 아닌데 속이 답답했어.
혐오,혼자 있으면 쓸쓸함이 밀려와.
혐오,그냥 이유 없이 지치고 힘들었어.
혐오,대화를 해도 마음이 공허했어.
혐오,마음이 복잡하고 어지러워.
혐오,괜히 눈물이 날 것 같은 하루였어.
혐오,별일 없는데 자꾸 가라앉는 기분이 들어.
혐오,일상에 집중이 안 되고 멍했어.
혐오,누워서 천장만 바라보며 시간을 보냈어.
혐오,친구한테 답장할 힘도 없었어.
혐오,핸드폰만 들여다보면서 시간을 보냈어.
혐오,샤워할 기운조차 없었어.
혐오,오늘 아무것도 하지 않고 침대에만 누워 있었어.
혐오,밥도 거르고 그냥 멍하니 있었어.
혐오,거울 속 내 모습이 낯설게 느껴졌어.
혐오,하루 종일 방 안에서 조용히 있었어.
혐오,집안일 하나도 못 하고 시간을 흘려보냈어.
혐오,하루 종일 창밖만 멍하니 바라봤어.
수치심,수치심 때문에 밥맛도 없고 잠도 안 와.
수치심,요즘 진짜 수치심 때문에 아무것도 손에 안 잡혀.
수치심,이런 수치심이 계속되면 무너질 것 같아.
수치심,수치심이 너무 심해서 사람 만나기도 싫어.
수치심,나 요즘 수치심이 너무 심해서 병원 가볼까 고민 중이야.
수치심,수치심 때문에 웃는 게 어색해졌어.
수치심,수치심이라는 감정을 이렇게 오래 느낀 건 처음이야.
수치심,수치심이 쌓이고 쌓여서 이제는 무뎌진 것 같아.
수치심,수치심이 내 일상 전부를 잠식하고 있어.
수치심,수치심을(를) 이겨내고 싶은데 쉽지가 않아.
수치심,일상에 집중이 안 되고 멍했어.
수치심,괜히 눈물이 날 것 같은 하루였어.
수치심,하루 종일 기운이 없었어.
수치심,그냥 이유 없이 지치고 힘들었어.
수치심,"내가 왜 이러는지 모르겠어, 그냥 힘들어."
수치심,혼자 있으면 쓸쓸함이 밀려와.
수치심,대화를 해도 마음이 공허했어.
수치심,마음이 복잡하고 어지러워.
수치심,누가 뭐라고 한 것도 아닌데 속이 답답했어.
수치심,별일 없는데 자꾸 가라앉는 기분이 들어.
수치심,샤워할 기운조차 없었어.
수치심,오늘 아무것도 하지 않고 침대에만 누워 있었어.
수치심,누워서 천장만 바라보며 시간을 보냈어.
수치심,집안일 하나도 못 하고 시간을 흘려보냈어.
수치심,친구한테 답장할 힘도 없었어.
수치심,밥도 거르고 그냥 멍하니 있었어.
수치심,하루 종일 방 안에서 조용히 있었어.
수치심,핸드폰만 들여다보면서 시간을 보냈어.
수치심,거울 속 내 모습이 낯설게 느껴졌어.
수치심,하루 종일 창밖만 멍하니 바라봤어.
자기혐오,무슨 일이 있어도 자기혐오은 좀처럼 사라지지 않아.
자기혐오,자기혐오이 너무 심해서 일도 못 하겠어.
자기혐오,사람들이 모를 뿐이지 나 진짜 자기혐오해.
자기혐오,하루 종일 자기혐오 생각뿐이었어.
자기혐오,요즘 진짜 자기혐오 때문에 아무것도 손에 안 잡혀.
자기혐오,자기혐오 때문에 밥맛도 없고 잠도 안 와.
자기혐오,자기혐오 때문에 웃는 게 어색해졌어.
자기혐오,겉으로는 멀쩡해 보여도 속은 완전 자기혐오이야.
자기혐오,"그냥 자기혐오한 하루였어, 특별한 일도 없는데."
자기혐오,이런 자기혐오이 계속되면 무너질 것 같아.
자기혐오,"내가 왜 이러는지 모르겠어, 그냥 힘들어."
자기혐오,별일 없는데 자꾸 가라앉는 기분이 들어.
자기혐오,일상에 집중이 안 되고 멍했어.
자기혐오,괜히 눈물이 날 것 같은 하루였어.
자기혐오,마음이 복잡하고 어지러워.
자기혐오,그냥 이유 없이 지치고 힘들었어.
자기혐오,혼자 있으면 쓸쓸함이 밀려와.
자기혐오,하루 종일 기운이 없었어.
자기혐오,누가 뭐라고 한 것도 아닌데 속이 답답했어.
자기혐오,대화를 해도 마음이 공허했어.
자기혐오,하루 종일 창밖만 멍하니 바라봤어.
자기혐오,샤워할 기운조차 없었어.
자기혐오,집안일 하나도 못 하고 시간을 흘려보냈어.
자기혐오,거울 속 내 모습이 낯설게 느껴졌어.
자기혐오,친구한테 답장할 힘도 없었어.
자기혐오,오늘 아무것도 하지 않고 침대에만 누워 있었어.
자기혐오,핸드폰만 들여다보면서 시간을 보냈어.
자기혐오,누워서 천장만 바라보며 시간을 보냈어.
자기혐오,밥도 거르고 그냥 멍하니 있었어.
자기혐오,하루 종일 방 안에서 조용히 있었어.
자책,말은 못 했지만 속으로는 계속 자책하고 있었어.
자책,나 요즘 자책이 너무 심해서 병원 가볼까 고민 중이야.
자책,자책이라는 감정을 어떻게 표현해야 할지 모르겠어.
자책,자책 때문에 웃는 게 어색해졌어.
자책,자꾸 자책에 잠식당하는 기분이야.
자책,괜찮다고 말하면서도 계속 자책이 따라다녀.
자책,겉으로는 멀쩡해 보여도 속은 완전 자책이야.
자책,자책을(를) 이겨내고 싶은데 쉽지가 않아.
자책,자책이 괴로워서 아무 말도 하기 싫어.
자책,솔직히 말해서 나 지금 자책 때문에 힘들어.
자책,괜히 눈물이 날 것 같은 하루였어.
자책,하루 종일 기운이 없었어.
자책,그냥 이유 없이 지치고 힘들었어.
자책,마음이 복잡하고 어지러워.
자책,대화를 해도 마음이 공허했어.
자책,별일 없는데 자꾸 가라앉는 기분이 들어.
자책,"내가 왜 이러는지 모르겠어, 그냥 힘들어."
자책,혼자 있으면 쓸쓸함이 밀려와.
자책,일상에 집중이 안 되고 멍했어.
자책,누가 뭐라고 한 것도 아닌데 속이 답답했어.
자책,핸드폰만 들여다보면서 시간을 보냈어.
자책,샤워할 기운조차 없었어.
자책,친구한테 답장할 힘도 없었어.
자책,집안일 하나도 못 하고 시간을 흘려보냈어.
자책,하루 종일 방 안에서 조용히 있었어.
자책,거울 속 내 모습이 낯설게 느껴졌어.
자책,밥도 거르고 그냥 멍하니 있었어.
자책,하루 종일 창밖만 멍하니 바라봤어.
자책,누워서 천장만 바라보며 시간을 보냈어.
자책,오늘 아무것도 하지 않고 침대에만 누워 있었어.
초조함,초조함이 너무 심해서 일도 못 하겠어.
초조함,나 요즘 초조함이 너무 심해서 병원 가볼까 고민 중이야.
초조함,초조함 때문에 밥맛도 없고 잠도 안 와.
초조함,하루 종일 초조함 생각뿐이었어.
초조함,"왜 이렇게 초조함하지, 나도 모르겠어."
초조함,이런 초조함이 계속되면 무너질 것 같아.
초조함,초조함 때문에 웃는 게 어색해졌어.
초조함,초조함을(를) 이겨내고 싶은데 쉽지가 않아.
초조함,"말없이 눈물만 나, 아마 초조함 때문일 거야."
초조함,자고 일어나도 초조함은 그대로야.
초조함,별일 없는데 자꾸 가라앉는 기분이 들어.
초조함,괜히 눈물이 날 것 같은 하루였어.
초조함,일상에 집중이 안 되고 멍했어.
초조함,"내가 왜 이러는지 모르겠어, 그냥 힘들어."
초조함,하루 종일 기운이 없었어.
초조함,그냥 이유 없이 지치고 힘들었어.
초조함,대화를 해도 마음이 공허했어.
초조함,누가 뭐라고 한 것도 아닌데 속이 답답했어.
초조함,혼자 있으면 쓸쓸함이 밀려와.
초조함,마음이 복잡하고 어지러워.
초조함,거울 속 내 모습이 낯설게 느껴졌어.
초조함,샤워할 기운조차 없었어.
초조함,하루 종일 방 안에서 조용히 있었어.
초조함,친구한테 답장할 힘도 없었어.
초조함,집안일 하나도 못 하고 시간을 흘려보냈어.
초조함,핸드폰만 들여다보면서 시간을 보냈어.
초조함,오늘 아무것도 하지 않고 침대에만 누워 있었어.
초조함,하루 종일 창밖만 멍하니 바라봤어.
초조함,누워서 천장만 바라보며 시간을 보냈어.
초조함,밥도 거르고 그냥 멍하니 있었어.
피곤함,"그냥 피곤함한 하루였어, 특별한 일도 없는데."
피곤함,겉으로는 멀쩡해 보여도 속은 완전 피곤함이야.
피곤함,"왜 이렇게 피곤함하지, 나도 모르겠어."
피곤함,솔직히 말해서 나 지금 피곤함 때문에 힘들어.
피곤함,괜찮다고 말하면서도 계속 피곤함이 따라다녀.
피곤함,자고 일어나도 피곤함은 그대로야.
피곤함,자꾸 피곤함에 잠식당하는 기분이야.
피곤함,진심으로 피곤함이 나를 갉아먹는 느낌이야.
피곤함,피곤함이라는 감정을 이렇게 오래 느낀 건 처음이야.
피곤함,요즘 진짜 피곤함 때문에 아무것도 손에 안 잡혀.
피곤함,일상에 집중이 안 되고 멍했어.
피곤함,그냥 이유 없이 지치고 힘들었어.
피곤함,별일 없는데 자꾸 가라앉는 기분이 들어.
피곤함,"내가 왜 이러는지 모르겠어, 그냥 힘들어."
피곤함,괜히 눈물이 날 것 같은 하루였어.
피곤함,대화를 해도 마음이 공허했어.
피곤함,마음이 복잡하고 어지러워.
피곤함,혼자 있으면 쓸쓸함이 밀려와.
피곤함,누가 뭐라고 한 것도 아닌데 속이 답답했어.
피곤함,하루 종일 기운이 없었어.
피곤함,누워서 천장만 바라보며 시간을 보냈어.
피곤함,집안일 하나도 못 하고 시간을 흘려보냈어.
피곤함,밥도 거르고 그냥 멍하니 있었어.
피곤함,거울 속 내 모습이 낯설게 느껴졌어.
피곤함,오늘 아무것도 하지 않고 침대에만 누워 있었어.
피곤함,하루 종일 방 안에서 조용히 있었어.
피곤함,샤워할 기운조차 없었어.
피곤함,친구한테 답장할 힘도 없었어.
피곤함,하루 종일 창밖만 멍하니 바라봤어.
피곤함,핸드폰만 들여다보면서 시간을 보냈어.
지침,지침이 너무 심해서 일도 못 하겠어.
지침,진심으로 지침이 나를 갉아먹는 느낌이야.
지침,자고 일어나도 지침은 그대로야.
지침,지금 이 상태가 지침인 건가 싶어.
지침,자꾸 지침에 잠식당하는 기분이야.
지침,지침이 너무 심해서 사람 만나기도 싫어.
지침,요즘 진짜 지침 때문에 아무것도 손에 안 잡혀.
지침,지침 때문에 밥맛도 없고 잠도 안 와.
지침,무슨 일이 있어도 지침은 좀처럼 사라지지 않아.
지침,가끔은 지침 없이 살고 싶다는 생각이 들어.
지침,하루 종일 기운이 없었어.
지침,별일 없는데 자꾸 가라앉는 기분이 들어.
지침,누가 뭐라고 한 것도 아닌데 속이 답답했어.
지침,그냥 이유 없이 지치고 힘들었어.
지침,"내가 왜 이러는지 모르겠어, 그냥 힘들어."
지침,대화를 해도 마음이 공허했어.
지침,마음이 복잡하고 어지러워.
지침,괜히 눈물이 날 것 같은 하루였어.
지침,일상에 집중이 안 되고 멍했어.
지침,혼자 있으면 쓸쓸함이 밀려와.
지침,누워서 천장만 바라보며 시간을 보냈어.
지침,하루 종일 창밖만 멍하니 바라봤어.
지침,거울 속 내 모습이 낯설게 느껴졌어.
지침,핸드폰만 들여다보면서 시간을 보냈어.
지침,하루 종일 방 안에서 조용히 있었어.
지침,밥도 거르고 그냥 멍하니 있었어.
지침,오늘 아무것도 하지 않고 침대에만 누워 있었어.
지침,샤워할 기운조차 없었어.
지침,집안일 하나도 못 하고 시간을 흘려보냈어.
지침,친구한테 답장할 힘도 없었어.
허탈감,자고 일어나도 허탈감은 그대로야.
허탈감,사람들이 모를 뿐이지 나 진짜 허탈감해.
허탈감,허탈감을(를) 이겨내고 싶은데 쉽지가 않아.
허탈감,말은 못 했지만 속으로는 계속 허탈감하고 있었어.
허탈감,가끔은 허탈감 없이 살고 싶다는 생각이 들어.
허탈감,나 요즘 허탈감이 너무 심해서 병원 가볼까 고민 중이야.
허탈감,허탈감이 너무 심해서 사람 만나기도 싫어.
허탈감,요즘 진짜 허탈감 때문에 아무것도 손에 안 잡혀.
허탈감,계속 허탈감이 느껴져서 하루 종일 우울했어.
허탈감,허탈감이 괴로워서 아무 말도 하기 싫어.
허탈감,괜히 눈물이 날 것 같은 하루였어.
허탈감,혼자 있으면 쓸쓸함이 밀려와.
허탈감,그냥 이유 없이 지치고 힘들었어.
허탈감,일상에 집중이 안 되고 멍했어.
허탈감,별일 없는데 자꾸 가라앉는 기분이 들어.
허탈감,누가 뭐라고 한 것도 아닌데 속이 답답했어.
허탈감,하루 종일 기운이 없었어.
허탈감,마음이 복잡하고 어지러워.
허탈감,대화를 해도 마음이 공허했어.
허탈감,"내가 왜 이러는지 모르겠어, 그냥 힘들어."
허탈감,누워서 천장만 바라보며 시간을 보냈어.
허탈감,핸드폰만 들여다보면서 시간을 보냈어.
허탈감,오늘 아무것도 하지 않고 침대에만 누워 있었어.
허탈감,하루 종일 방 안에서 조용히 있었어.
허탈감,하루 종일 창밖만 멍하니 바라봤어.
허탈감,밥도 거르고 그냥 멍하니 있었어.
허탈감,거울 속 내 모습이 낯설게 느껴졌어.
허탈감,샤워할 기운조차 없었어.
허탈감,친구한테 답장할 힘도 없었어.
허탈감,집안일 하나도 못 하고 시간을 흘려보냈어.
혼란,혼란이 쌓이고 쌓여서 이제는 무뎌진 것 같아.
혼란,진심으로 혼란이 나를 갉아먹는 느낌이야.
혼란,혼란이라는 감정을 어떻게 표현해야 할지 모르겠어.
혼란,괜찮다고 말하면서도 계속 혼란이 따라다녀.
혼란,혼란이라는 감정을 이렇게 오래 느낀 건 처음이야.
혼란,혼란이 괴로워서 아무 말도 하기 싫어.
혼란,이런 혼란이 계속되면 무너질 것 같아.
혼란,솔직히 말해서 나 지금 혼란 때문에 힘들어.
혼란,무슨 일이 있어도 혼란은 좀처럼 사라지지 않아.
혼란,요즘 진짜 혼란 때문에 아무것도 손에 안 잡혀.
혼란,누가 뭐라고 한 것도 아닌데 속이 답답했어.
혼란,일상에 집중이 안 되고 멍했어.
혼란,하루 종일 기운이 없었어.
혼란,대화를 해도 마음이 공허했어.
혼란,"내가 왜 이러는지 모르겠어, 그냥 힘들어."
혼란,괜히 눈물이 날 것 같은 하루였어.
혼란,혼자 있으면 쓸쓸함이 밀려와.
혼란,별일 없는데 자꾸 가라앉는 기분이 들어.
혼란,마음이 복잡하고 어지러워.
혼란,그냥 이유 없이 지치고 힘들었어.
혼란,하루 종일 창밖만 멍하니 바라봤어.
혼란,친구한테 답장할 힘도 없었어.
혼란,핸드폰만 들여다보면서 시간을 보냈어.
혼란,하루 종일 방 안에서 조용히 있었어.
혼란,집안일 하나도 못 하고 시간을 흘려보냈어.
혼란,밥도 거르고 그냥 멍하니 있었어.
혼란,샤워할 기운조차 없었어.
혼란,거울 속 내 모습이 낯설게 느껴졌어.
혼란,누워서 천장만 바라보며 시간을 보냈어.
혼란,오늘 아무것도 하지 않고 침대에만 누워 있었어.
당황,당황이라는 감정을 이렇게 오래 느낀 건 처음이야.
당황,솔직히 말해서 나 지금 당황 때문에 힘들어.
당황,겉으로는 멀쩡해 보여도 속은 완전 당황이야.
당황,사람들이 모를 뿐이지 나 진짜 당황해.
당황,지금 이 상태가 당황인 건가 싶어.
당황,당황을(를) 이겨내고 싶은데 쉽지가 않아.
당황,하루 종일 당황 생각뿐이었어.
당황,가끔은 당황 없이 살고 싶다는 생각이 들어.
당황,당황이 내 일상 전부를 잠식하고 있어.
당황,이런 당황이 계속되면 무너질 것 같아.
당황,하루 종일 기운이 없었어.
당황,괜히 눈물이 날 것 같은 하루였어.
당황,"내가 왜 이러는지 모르겠어, 그냥 힘들어."
당황,대화를 해도 마음이 공허했어.
당황,마음이 복잡하고 어지러워.
당황,별일 없는데 자꾸 가라앉는 기분이 들어.
당황,그냥 이유 없이 지치고 힘들었어.
당황,일상에 집중이 안 되고 멍했어.
당황,혼자 있으면 쓸쓸함이 밀려와.
당황,누가 뭐라고 한 것도 아닌데 속이 답답했어.
당황,샤워할 기운조차 없었어.
당황,누워서 천장만 바라보며 시간을 보냈어.
당황,하루 종일 방 안에서 조용히 있었어.
당황,친구한테 답장할 힘도 없었어.
당황,밥도 거르고 그냥 멍하니 있었어.
당황,집안일 하나도 못 하고 시간을 흘려보냈어.
당황,거울 속 내 모습이 낯설게 느껴졌어.
당황,핸드폰만 들여다보면서 시간을 보냈어.
당황,하루 종일 창밖만 멍하니 바라봤어.
당황,오늘 아무것도 하지 않고 침대에만 누워 있었어.
상실감,진심으로 상실감이 나를 갉아먹는 느낌이야.
상실감,상실감 때문에 밥맛도 없고 잠도 안 와.
상실감,겉으로는 멀쩡해 보여도 속은 완전 상실감이야.
상실감,말은 못 했지만 속으로는 계속 상실감하고 있었어.
상실감,사람들이 모를 뿐이지 나 진짜 상실감해.
상실감,상실감이 너무 심해서 사람 만나기도 싫어.
상실감,상실감을(를) 이겨내고 싶은데 쉽지가 않아.
상실감,상실감 때문에 웃는 게 어색해졌어.
상실감,하루 종일 상실감 생각뿐이었어.
상실감,상실감이 쌓이고 쌓여서 이제는 무뎌진 것 같아.
상실감,그냥 이유 없이 지치고 힘들었어.
상실감,혼자 있으면 쓸쓸함이 밀려와.
상실감,별일 없는데 자꾸 가라앉는 기분이 들어.
상실감,"내가 왜 이러는지 모르겠어, 그냥 힘들어."
상실감,대화를 해도 마음이 공허했어.
상실감,하루 종일 기운이 없었어.
상실감,일상에 집중이 안 되고 멍했어.
상실감,괜히 눈물이 날 것 같은 하루였어.
상실감,마음이 복잡하고 어지러워.
상실감,누가 뭐라고 한 것도 아닌데 속이 답답했어.
상실감,핸드폰만 들여다보면서 시간을 보냈어.
상실감,하루 종일 방 안에서 조용히 있었어.
상실감,샤워할 기운조차 없었어.
상실감,누워서 천장만 바라보며 시간을 보냈어.
상실감,하루 종일 창밖만 멍하니 바라봤어.
상실감,집안일 하나도 못 하고 시간을 흘려보냈어.
상실감,거울 속 내 모습이 낯설게 느껴졌어.
상실감,밥도 거르고 그냥 멍하니 있었어.
상실감,오늘 아무것도 하지 않고 침대에만 누워 있었어.
상실감,친구한테 답장할 힘도 없었어.
소외감,말은 못 했지만 속으로는 계속 소외감하고 있었어.
소외감,사람들이 모를 뿐이지 나 진짜 소외감해.
소외감,계속 소외감이 느껴져서 하루 종일 우울했어.
소외감,하루 종일 소외감 생각뿐이었어.
소외감,진심으로 소외감이 나를 갉아먹는 느낌이야.
소외감,소외감이라는 감정을 이렇게 오래 느낀 건 처음이야.
소외감,그냥 멍하게 있다 보면 소외감이 밀려와.
소외감,소외감이 너무 심해서 일도 못 하겠어.
소외감,소외감이 너무 심해서 사람 만나기도 싫어.
소외감,솔직히 말해서 나 지금 소외감 때문에 힘들어.
소외감,대화를 해도 마음이 공허했어.
소외감,하루 종일 기운이 없었어.
소외감,별일 없는데 자꾸 가라앉는 기분이 들어.
소외감,그냥 이유 없이 지치고 힘들었어.
소외감,괜히 눈물이 날 것 같은 하루였어.
소외감,일상에 집중이 안 되고 멍했어.
소외감,마음이 복잡하고 어지러워.
소외감,혼자 있으면 쓸쓸함이 밀려와.
소외감,누가 뭐라고 한 것도 아닌데 속이 답답했어.
소외감,"내가 왜 이러는지 모르겠어, 그냥 힘들어."
소외감,샤워할 기운조차 없었어.
소외감,하루 종일 창밖만 멍하니 바라봤어.
소외감,거울 속 내 모습이 낯설게 느껴졌어.
소외감,집안일 하나도 못 하고 시간을 흘려보냈어.
소외감,밥도 거르고 그냥 멍하니 있었어.
소외감,친구한테 답장할 힘도 없었어.
소외감,누워서 천장만 바라보며 시간을 보냈어.
소외감,오늘 아무것도 하지 않고 침대에만 누워 있었어.
소외감,핸드폰만 들여다보면서 시간을 보냈어.
소외감,하루 종일 방 안에서 조용히 있었어.
혼동,혼동이 쌓이고 쌓여서 이제는 무뎌진 것 같아.
혼동,하루 종일 혼동 생각뿐이었어.
혼동,혼동을(를) 이겨내고 싶은데 쉽지가 않아.
혼동,"말없이 눈물만 나, 아마 혼동 때문일 거야."
혼동,혼동이 내 일상 전부를 잠식하고 있어.
혼동,그냥 멍하게 있다 보면 혼동이 밀려와.
혼동,나 요즘 혼동이 너무 심해서 병원 가볼까 고민 중이야.
혼동,혼동 때문에 웃는 게 어색해졌어.
혼동,괜찮다고 말하면서도 계속 혼동이 따라다녀.
혼동,말은 못 했지만 속으로는 계속 혼동하고 있었어.
혼동,"내가 왜 이러는지 모르겠어, 그냥 힘들어."
혼동,그냥 이유 없이 지치고 힘들었어.
혼동,별일 없는데 자꾸 가라앉는 기분이 들어.
혼동,누가 뭐라고 한 것도 아닌데 속이 답답했어.
혼동,하루 종일 기운이 없었어.
혼동,대화를 해도 마음이 공허했어.
혼동,일상에 집중이 안 되고 멍했어.
혼동,마음이 복잡하고 어지러워.
혼동,괜히 눈물이 날 것 같은 하루였어.
혼동,혼자 있으면 쓸쓸함이 밀려와.
혼동,집안일 하나도 못 하고 시간을 흘려보냈어.
혼동,하루 종일 창밖만 멍하니 바라봤어.
혼동,핸드폰만 들여다보면서 시간을 보냈어.
혼동,오늘 아무것도 하지 않고 침대에만 누워 있었어.
혼동,거울 속 내 모습이 낯설게 느껴졌어.
혼동,샤워할 기운조차 없었어.
혼동,누워서 천장만 바라보며 시간을 보냈어.
혼동,친구한테 답장할 힘도 없었어.
혼동,하루 종일 방 안에서 조용히 있었어.
혼동,밥도 거르고 그냥 멍하니 있었어.
감정과부하,감정과부하이 너무 심해서 사람 만나기도 싫어.
감정과부하,하루 종일 감정과부하 생각뿐이었어.
감정과부하,그냥 멍하게 있다 보면 감정과부하이 밀려와.
감정과부하,"말없이 눈물만 나, 아마 감정과부하 때문일 거야."
감정과부하,겉으로는 멀쩡해 보여도 속은 완전 감정과부하이야.
감정과부하,감정과부하 때문에 웃는 게 어색해졌어.
감정과부하,사람들이 모를 뿐이지 나 진짜 감정과부하해.
감정과부하,요즘 진짜 감정과부하 때문에 아무것도 손에 안 잡혀.
감정과부하,나 요즘 감정과부하이 너무 심해서 병원 가볼까 고민 중이야.
감정과부하,감정과부하이 괴로워서 아무 말도 하기 싫어.
감정과부하,그냥 이유 없이 지치고 힘들었어.
감정과부하,괜히 눈물이 날 것 같은 하루였어.
감정과부하,일상에 집중이 안 되고 멍했어.
감정과부하,"내가 왜 이러는지 모르겠어, 그냥 힘들어."
감정과부하,대화를 해도 마음이 공허했어.
감정과부하,마음이 복잡하고 어지러워.
감정과부하,누가 뭐라고 한 것도 아닌데 속이 답답했어.
감정과부하,하루 종일 기운이 없었어.
감정과부하,혼자 있으면 쓸쓸함이 밀려와.
감정과부하,별일 없는데 자꾸 가라앉는 기분이 들어.
감정과부하,누워서 천장만 바라보며 시간을 보냈어.
감정과부하,집안일 하나도 못 하고 시간을 흘려보냈어.
감정과부하,샤워할 기운조차 없었어.
감정과부하,친구한테 답장할 힘도 없었어.
감정과부하,오늘 아무것도 하지 않고 침대에만 누워 있었어.
감정과부하,밥도 거르고 그냥 멍하니 있었어.
감정과부하,거울 속 내 모습이 낯설게 느껴졌어.
감정과부하,하루 종일 창밖만 멍하니 바라봤어.
감정과부하,하루 종일 방 안에서 조용히 있었어.
감정과부하,핸드폰만 들여다보면서 시간을 보냈어.
감정억제,말은 못 했지만 속으로는 계속 감정억제하고 있었어.
감정억제,솔직히 말해서 나 지금 감정억제 때문에 힘들어.
감정억제,감정억제이라는 감정을 어떻게 표현해야 할지 모르겠어.
감정억제,계속 감정억제이 느껴져서 하루 종일 우울했어.
감정억제,나 요즘 감정억제이 너무 심해서 병원 가볼까 고민 중이야.
감정억제,감정억제이라는 감정을 이렇게 오래 느낀 건 처음이야.
감정억제,감정억제 때문에 웃는 게 어색해졌어.
감정억제,감정억제이 너무 심해서 일도 못 하겠어.
감정억제,감정억제이 쌓이고 쌓여서 이제는 무뎌진 것 같아.
감정억제,이런 감정억제이 계속되면 무너질 것 같아.
감정억제,별일 없는데 자꾸 가라앉는 기분이 들어.
감정억제,대화를 해도 마음이 공허했어.
감정억제,일상에 집중이 안 되고 멍했어.
감정억제,"내가 왜 이러는지 모르겠어, 그냥 힘들어."
감정억제,마음이 복잡하고 어지러워.
감정억제,그냥 이유 없이 지치고 힘들었어.
감정억제,누가 뭐라고 한 것도 아닌데 속이 답답했어.
감정억제,괜히 눈물이 날 것 같은 하루였어.
감정억제,혼자 있으면 쓸쓸함이 밀려와.
감정억제,하루 종일 기운이 없었어.
감정억제,친구한테 답장할 힘도 없었어.
감정억제,샤워할 기운조차 없었어.
감정억제,집안일 하나도 못 하고 시간을 흘려보냈어.
감정억제,밥도 거르고 그냥 멍하니 있었어.
감정억제,누워서 천장만 바라보며 시간을 보냈어.
감정억제,거울 속 내 모습이 낯설게 느껴졌어.
감정억제,하루 종일 방 안에서 조용히 있었어.
감정억제,하루 종일 창밖만 멍하니 바라봤어.
감정억제,핸드폰만 들여다보면서 시간을 보냈어.
감정억제,오늘 아무것도 하지 않고 침대에만 누워 있었어.
피하고 싶음,무슨 일이 있어도 피하고 싶음은 좀처럼 사라지지 않아.
피하고 싶음,피하고 싶음이 내 일상 전부를 잠식하고 있어.
피하고 싶음,진심으로 피하고 싶음이 나를 갉아먹는 느낌이야.
피하고 싶음,피하고 싶음이 너무 심해서 일도 못 하겠어.
피하고 싶음,계속 피하고 싶음이 느껴져서 하루 종일 우울했어.
피하고 싶음,피하고 싶음이라는 감정을 어떻게 표현해야 할지 모르겠어.
피하고 싶음,피하고 싶음을(를) 이겨내고 싶은데 쉽지가 않아.
피하고 싶음,나 요즘 피하고 싶음이 너무 심해서 병원 가볼까 고민 중이야.
피하고 싶음,"그냥 피하고 싶음한 하루였어, 특별한 일도 없는데."
피하고 싶음,자고 일어나도 피하고 싶음은 그대로야.
피하고 싶음,마음이 복잡하고 어지러워.
피하고 싶음,일상에 집중이 안 되고 멍했어.
피하고 싶음,하루 종일 기운이 없었어.
피하고 싶음,누가 뭐라고 한 것도 아닌데 속이 답답했어.
피하고 싶음,혼자 있으면 쓸쓸함이 밀려와.
피하고 싶음,괜히 눈물이 날 것 같은 하루였어.
피하고 싶음,"내가 왜 이러는지 모르겠어, 그냥 힘들어."
피하고 싶음,대화를 해도 마음이 공허했어.
피하고 싶음,별일 없는데 자꾸 가라앉는 기분이 들어.
피하고 싶음,그냥 이유 없이 지치고 힘들었어.
피하고 싶음,샤워할 기운조차 없었어.
피하고 싶음,오늘 아무것도 하지 않고 침대에만 누워 있었어.
피하고 싶음,하루 종일 방 안에서 조용히 있었어.
피하고 싶음,거울 속 내 모습이 낯설게 느껴졌어.
피하고 싶음,누워서 천장만 바라보며 시간을 보냈어.
피하고 싶음,밥도 거르고 그냥 멍하니 있었어.
피하고 싶음,하루 종일 창밖만 멍하니 바라봤어.
피하고 싶음,핸드폰만 들여다보면서 시간을 보냈어.
피하고 싶음,집안일 하나도 못 하고 시간을 흘려보냈어.
피하고 싶음,친구한테 답장할 힘도 없었어.
민망함,민망함이 너무 심해서 사람 만나기도 싫어.
민망함,민망함이라는 감정을 어떻게 표현해야 할지 모르겠어.
민망함,겉으로는 멀쩡해 보여도 속은 완전 민망함이야.
민망함,솔직히 말해서 나 지금 민망함 때문에 힘들어.
민망함,민망함이 괴로워서 아무 말도 하기 싫어.
민망함,민망함을(를) 이겨내고 싶은데 쉽지가 않아.
민망함,민망함이라는 감정을 이렇게 오래 느낀 건 처음이야.
민망함,"왜 이렇게 민망함하지, 나도 모르겠어."
민망함,민망함 때문에 밥맛도 없고 잠도 안 와.
민망함,민망함이 너무 심해서 일도 못 하겠어.
민망함,누가 뭐라고 한 것도 아닌데 속이 답답했어.
민망함,마음이 복잡하고 어지러워.
민망함,"내가 왜 이러는지 모르겠어, 그냥 힘들어."
민망함,일상에 집중이 안 되고 멍했어.
민망함,그냥 이유 없이 지치고 힘들었어.
민망함,별일 없는데 자꾸 가라앉는 기분이 들어.
민망함,혼자 있으면 쓸쓸함이 밀려와.
민망함,괜히 눈물이 날 것 같은 하루였어.
민망함,대화를 해도 마음이 공허했어.
민망함,하루 종일 기운이 없었어.
민망함,오늘 아무것도 하지 않고 침대에만 누워 있었어.
민망함,밥도 거르고 그냥 멍하니 있었어.
민망함,누워서 천장만 바라보며 시간을 보냈어.
민망함,거울 속 내 모습이 낯설게 느껴졌어.
민망함,하루 종일 창밖만 멍하니 바라봤어.
민망함,하루 종일 방 안에서 조용히 있었어.
민망함,친구한테 답장할 힘도 없었어.
민망함,샤워할 기운조차 없었어.
민망함,집안일 하나도 못 하고 시간을 흘려보냈어.
민망함,핸드폰만 들여다보면서 시간을 보냈어.
배신감,솔직히 말해서 나 지금 배신감 때문에 힘들어.
배신감,가끔은 배신감 없이 살고 싶다는 생각이 들어.
배신감,무슨 일이 있어도 배신감은 좀처럼 사라지지 않아.
배신감,자꾸 배신감에 잠식당하는 기분이야.
배신감,배신감이라는 감정을 어떻게 표현해야 할지 모르겠어.
배신감,배신감 때문에 밥맛도 없고 잠도 안 와.
배신감,배신감이 너무 심해서 사람 만나기도 싫어.
배신감,배신감이 너무 심해서 일도 못 하겠어.
배신감,배신감이 내 일상 전부를 잠식하고 있어.
배신감,겉으로는 멀쩡해 보여도 속은 완전 배신감이야.
배신감,누가 뭐라고 한 것도 아닌데 속이 답답했어.
배신감,일상에 집중이 안 되고 멍했어.
배신감,혼자 있으면 쓸쓸함이 밀려와.
배신감,하루 종일 기운이 없었어.
배신감,"내가 왜 이러는지 모르겠어, 그냥 힘들어."
배신감,별일 없는데 자꾸 가라앉는 기분이 들어.
배신감,괜히 눈물이 날 것 같은 하루였어.
배신감,그냥 이유 없이 지치고 힘들었어.
배신감,마음이 복잡하고 어지러워.
배신감,대화를 해도 마음이 공허했어.
배신감,친구한테 답장할 힘도 없었어.
배신감,누워서 천장만 바라보며 시간을 보냈어.
배신감,밥도 거르고 그냥 멍하니 있었어.
배신감,집안일 하나도 못 하고 시간을 흘려보냈어.
배신감,핸드폰만 들여다보면서 시간을 보냈어.
배신감,오늘 아무것도 하지 않고 침대에만 누워 있었어.
배신감,거울 속 내 모습이 낯설게 느껴졌어.
배신감,하루 종일 창밖만 멍하니 바라봤어.
배신감,샤워할 기운조차 없었어.
배신감,하루 종일 방 안에서 조용히 있었어.
무의욕,그냥 멍하게 있다 보면 무의욕이 밀려와.
무의욕,무의욕이 내 일상 전부를 잠식하고 있어.
무의욕,자고 일어나도 무의욕은 그대로야.
무의욕,지금 이 상태가 무의욕인 건가 싶어.
무의욕,무의욕이라는 감정을 어떻게 표현해야 할지 모르겠어.
무의욕,요즘 진짜 무의욕 때문에 아무것도 손에 안 잡혀.
무의욕,무의욕을(를) 이겨내고 싶은데 쉽지가 않아.
무의욕,무의욕 때문에 웃는 게 어색해졌어.
무의욕,"그냥 무의욕한 하루였어, 특별한 일도 없는데."
무의욕,사람들이 모를 뿐이지 나 진짜 무의욕해.
무의욕,누가 뭐라고 한 것도 아닌데 속이 답답했어.
무의욕,"내가 왜 이러는지 모르겠어, 그냥 힘들어."
무의욕,하루 종일 기운이 없었어.
무의욕,괜히 눈물이 날 것 같은 하루였어.
무의욕,혼자 있으면 쓸쓸함이 밀려와.
무의욕,일상에 집중이 안 되고 멍했어.
무의욕,대화를 해도 마음이 공허했어.
무의욕,그냥 이유 없이 지치고 힘들었어.
무의욕,별일 없는데 자꾸 가라앉는 기분이 들어.
무의욕,마음이 복잡하고 어지러워.
무의욕,샤워할 기운조차 없었어.
무의욕,오늘 아무것도 하지 않고 침대에만 누워 있었어.
무의욕,집안일 하나도 못 하고 시간을 흘려보냈어.
무의욕,하루 종일 방 안에서 조용히 있었어.
무의욕,하루 종일 창밖만 멍하니 바라봤어.
무의욕,핸드폰만 들여다보면서 시간을 보냈어.
무의욕,누워서 천장만 바라보며 시간을 보냈어.
무의욕,거울 속 내 모습이 낯설게 느껴졌어.
무의욕,친구한테 답장할 힘도 없었어.
무의욕,밥도 거르고 그냥 멍하니 있었어.
무감정,진심으로 무감정이 나를 갉아먹는 느낌이야.
무감정,말은 못 했지만 속으로는 계속 무감정하고 있었어.
무감정,"왜 이렇게 무감정하지, 나도 모르겠어."
무감정,이런 무감정이 계속되면 무너질 것 같아.
무감정,사람들이 모를 뿐이지 나 진짜 무감정해.
무감정,무슨 일이 있어도 무감정은 좀처럼 사라지지 않아.
무감정,괜찮다고 말하면서도 계속 무감정이 따라다녀.
무감정,무감정이라는 감정을 어떻게 표현해야 할지 모르겠어.
무감정,무감정이라는 감정을 이렇게 오래 느낀 건 처음이야.
무감정,지금 이 상태가 무감정인 건가 싶어.
무감정,그냥 이유 없이 지치고 힘들었어.
무감정,별일 없는데 자꾸 가라앉는 기분이 들어.
무감정,대화를 해도 마음이 공허했어.
무감정,괜히 눈물이 날 것 같은 하루였어.
무감정,혼자 있으면 쓸쓸함이 밀려와.
무감정,"내가 왜 이러는지 모르겠어, 그냥 힘들어."
무감정,누가 뭐라고 한 것도 아닌데 속이 답답했어.
무감정,일상에 집중이 안 되고 멍했어.
무감정,하루 종일 기운이 없었어.
무감정,마음이 복잡하고 어지러워.
무감정,집안일 하나도 못 하고 시간을 흘려보냈어.
무감정,누워서 천장만 바라보며 시간을 보냈어.
무감정,하루 종일 방 안에서 조용히 있었어.
무감정,친구한테 답장할 힘도 없었어.
무감정,핸드폰만 들여다보면서 시간을 보냈어.
무감정,밥도 거르고 그냥 멍하니 있었어.
무감정,샤워할 기운조차 없었어.
무감정,거울 속 내 모습이 낯설게 느껴졌어.
무감정,하루 종일 창밖만 멍하니 바라봤어.
무감정,오늘 아무것도 하지 않고 침대에만 누워 있었어.
무시당함,하루 종일 무시당함 생각뿐이었어.
무시당함,무시당함이라는 감정을 어떻게 표현해야 할지 모르겠어.
무시당함,자꾸 무시당함에 잠식당하는 기분이야.
무시당함,지금 이 상태가 무시당함인 건가 싶어.
무시당함,"그냥 무시당함한 하루였어, 특별한 일도 없는데."
무시당함,괜찮다고 말하면서도 계속 무시당함이 따라다녀.
무시당함,무시당함 때문에 웃는 게 어색해졌어.
무시당함,겉으로는 멀쩡해 보여도 속은 완전 무시당함이야.
무시당함,말은 못 했지만 속으로는 계속 무시당함하고 있었어.
무시당함,"왜 이렇게 무시당함하지, 나도 모르겠어."
무시당함,"내가 왜 이러는지 모르겠어, 그냥 힘들어."
무시당함,괜히 눈물이 날 것 같은 하루였어.
무시당함,별일 없는데 자꾸 가라앉는 기분이 들어.
무시당함,혼자 있으면 쓸쓸함이 밀려와.
무시당함,하루 종일 기운이 없었어.
무시당함,그냥 이유 없이 지치고 힘들었어.
무시당함,대화를 해도 마음이 공허했어.
무시당함,마음이 복잡하고 어지러워.
무시당함,누가 뭐라고 한 것도 아닌데 속이 답답했어.
무시당함,일상에 집중이 안 되고 멍했어.
무시당함,친구한테 답장할 힘도 없었어.
무시당함,오늘 아무것도 하지 않고 침대에만 누워 있었어.
무시당함,핸드폰만 들여다보면서 시간을 보냈어.
무시당함,거울 속 내 모습이 낯설게 느껴졌어.
무시당함,하루 종일 방 안에서 조용히 있었어.
무시당함,샤워할 기운조차 없었어.
무시당함,집안일 하나도 못 하고 시간을 흘려보냈어.
무시당함,밥도 거르고 그냥 멍하니 있었어.
무시당함,하루 종일 창밖만 멍하니 바라봤어.
무시당함,누워서 천장만 바라보며 시간을 보냈어.
감정 회피,감정 회피이라는 감정을 이렇게 오래 느낀 건 처음이야.
감정 회피,나 요즘 감정 회피이 너무 심해서 병원 가볼까 고민 중이야.
감정 회피,자꾸 감정 회피에 잠식당하는 기분이야.
감정 회피,감정 회피이 쌓이고 쌓여서 이제는 무뎌진 것 같아.
감정 회피,괜찮다고 말하면서도 계속 감정 회피이 따라다녀.
감정 회피,진심으로 감정 회피이 나를 갉아먹는 느낌이야.
감정 회피,계속 감정 회피이 느껴져서 하루 종일 우울했어.
감정 회피,요즘 진짜 감정 회피 때문에 아무것도 손에 안 잡혀.
감정 회피,감정 회피이 너무 심해서 일도 못 하겠어.
감정 회피,겉으로는 멀쩡해 보여도 속은 완전 감정 회피이야.
감정 회피,하루 종일 기운이 없었어.
감정 회피,별일 없는데 자꾸 가라앉는 기분이 들어.
감정 회피,누가 뭐라고 한 것도 아닌데 속이 답답했어.
감정 회피,혼자 있으면 쓸쓸함이 밀려와.
감정 회피,그냥 이유 없이 지치고 힘들었어.
감정 회피,"내가 왜 이러는지 모르겠어, 그냥 힘들어."
감정 회피,마음이 복잡하고 어지러워.
감정 회피,괜히 눈물이 날 것 같은 하루였어.
감정 회피,대화를 해도 마음이 공허했어.
감정 회피,일상에 집중이 안 되고 멍했어.
감정 회피,친구한테 답장할 힘도 없었어.
감정 회피,샤워할 기운조차 없었어.
감정 회피,누워서 천장만 바라보며 시간을 보냈어.
감정 회피,밥도 거르고 그냥 멍하니 있었어.
감정 회피,핸드폰만 들여다보면서 시간을 보냈어.
감정 회피,하루 종일 창밖만 멍하니 바라봤어.
감정 회피,집안일 하나도 못 하고 시간을 흘려보냈어.
감정 회피,하루 종일 방 안에서 조용히 있었어.
감정 회피,오늘 아무것도 하지 않고 침대에만 누워 있었어.
감정 회피,거울 속 내 모습이 낯설게 느껴졌어.
우울 혼합,괜찮다고 말하면서도 계속 우울 혼합이 따라다녀.
우울 혼합,"말없이 눈물만 나, 아마 우울 혼합 때문일 거야."
우울 혼합,말은 못 했지만 속으로는 계속 우울 혼합하고 있었어.
우울 혼합,자꾸 우울 혼합에 잠식당하는 기분이야.
우울 혼합,우울 혼합이 너무 심해서 일도 못 하겠어.
우울 혼합,자고 일어나도 우울 혼합은 그대로야.
우울 혼합,하루 종일 우울 혼합 생각뿐이었어.
우울 혼합,나 요즘 우울 혼합이 너무 심해서 병원 가볼까 고민 중이야.
우울 혼합,우울 혼합이 쌓이고 쌓여서 이제는 무뎌진 것 같아.
우울 혼합,우울 혼합 때문에 밥맛도 없고 잠도 안 와.
우울 혼합,별일 없는데 자꾸 가라앉는 기분이 들어.
우울 혼합,그냥 이유 없이 지치고 힘들었어.
우울 혼합,일상에 집중이 안 되고 멍했어.
우울 혼합,누가 뭐라고 한 것도 아닌데 속이 답답했어.
우울 혼합,마음이 복잡하고 어지러워.
우울 혼합,혼자 있으면 쓸쓸함이 밀려와.
우울 혼합,괜히 눈물이 날 것 같은 하루였어.
우울 혼합,하루 종일 기운이 없었어.
우울 혼합,"내가 왜 이러는지 모르겠어, 그냥 힘들어."
우울 혼합,대화를 해도 마음이 공허했어.
우울 혼합,누워서 천장만 바라보며 시간을 보냈어.
우울 혼합,샤워할 기운조차 없었어.
우울 혼합,오늘 아무것도 하지 않고 침대에만 누워 있었어.
우울 혼합,하루 종일 창밖만 멍하니 바라봤어.
우울 혼합,밥도 거르고 그냥 멍하니 있었어.
우울 혼합,하루 종일 방 안에서 조용히 있었어.
우울 혼합,친구한테 답장할 힘도 없었어.
우울 혼합,거울 속 내 모습이 낯설게 느껴졌어.
우울 혼합,집안일 하나도 못 하고 시간을 흘려보냈어.
우울 혼합,핸드폰만 들여다보면서 시간을 보냈어.
공허함,자꾸 공허함에 잠식당하는 기분이야.
공허함,무슨 일이 있어도 공허함은 좀처럼 사라지지 않아.
공허함,공허함이 너무 심해서 일도 못 하겠어.
공허함,공허함이 쌓이고 쌓여서 이제는 무뎌진 것 같아.
공허함,공허함을(를) 이겨내고 싶은데 쉽지가 않아.
공허함,그냥 멍하게 있다 보면 공허함이 밀려와.
공허함,"그냥 공허함한 하루였어, 특별한 일도 없는데."
공허함,말은 못 했지만 속으로는 계속 공허함하고 있었어.
공허함,공허함이 너무 심해서 사람 만나기도 싫어.
공허함,"왜 이렇게 공허함하지, 나도 모르겠어."
공허함,일상에 집중이 안 되고 멍했어.
공허함,"내가 왜 이러는지 모르겠어, 그냥 힘들어."
공허함,하루 종일 기운이 없었어.
공허함,누가 뭐라고 한 것도 아닌데 속이 답답했어.
공허함,대화를 해도 마음이 공허했어.
공허함,혼자 있으면 쓸쓸함이 밀려와.
공허함,그냥 이유 없이 지치고 힘들었어.
공허함,별일 없는데 자꾸 가라앉는 기분이 들어.
공허함,괜히 눈물이 날 것 같은 하루였어.
공허함,마음이 복잡하고 어지러워.
공허함,오늘 아무것도 하지 않고 침대에만 누워 있었어.
공허함,핸드폰만 들여다보면서 시간을 보냈어.
공허함,집안일 하나도 못 하고 시간을 흘려보냈어.
공허함,친구한테 답장할 힘도 없었어.
공허함,샤워할 기운조차 없었어.
공허함,거울 속 내 모습이 낯설게 느껴졌어.
공허함,하루 종일 방 안에서 조용히 있었어.
공허함,밥도 거르고 그냥 멍하니 있었어.
공허함,누워서 천장만 바라보며 시간을 보냈어.
공허함,하루 종일 창밖만 멍하니 바라봤어.
절망감,절망감 때문에 웃는 게 어색해졌어.
절망감,절망감이 쌓이고 쌓여서 이제는 무뎌진 것 같아.
절망감,절망감이 너무 심해서 사람 만나기도 싫어.
절망감,"왜 이렇게 절망감하지, 나도 모르겠어."
절망감,절망감을(를) 이겨내고 싶은데 쉽지가 않아.
절망감,절망감이 너무 심해서 일도 못 하겠어.
절망감,절망감이라는 감정을 어떻게 표현해야 할지 모르겠어.
절망감,요즘 진짜 절망감 때문에 아무것도 손에 안 잡혀.
절망감,괜찮다고 말하면서도 계속 절망감이 따라다녀.
절망감,진심으로 절망감이 나를 갉아먹는 느낌이야.
절망감,일상에 집중이 안 되고 멍했어.
절망감,그냥 이유 없이 지치고 힘들었어.
절망감,"내가 왜 이러는지 모르겠어, 그냥 힘들어."
절망감,대화를 해도 마음이 공허했어.
절망감,마음이 복잡하고 어지러워.
절망감,혼자 있으면 쓸쓸함이 밀려와.
절망감,별일 없는데 자꾸 가라앉는 기분이 들어.
절망감,하루 종일 기운이 없었어.
절망감,누가 뭐라고 한 것도 아닌데 속이 답답했어.
절망감,괜히 눈물이 날 것 같은 하루였어.
절망감,하루 종일 방 안에서 조용히 있었어.
절망감,누워서 천장만 바라보며 시간을 보냈어.
절망감,핸드폰만 들여다보면서 시간을 보냈어.
절망감,밥도 거르고 그냥 멍하니 있었어.
절망감,집안일 하나도 못 하고 시간을 흘려보냈어.
절망감,샤워할 기운조차 없었어.
절망감,오늘 아무것도 하지 않고 침대에만 누워 있었어.
절망감,친구한테 답장할 힘도 없었어.
절망감,하루 종일 창밖만 멍하니 바라봤어.
절망감,거울 속 내 모습이 낯설게 느껴졌어.
통제불가,겉으로는 멀쩡해 보여도 속은 완전 통제불가이야.
통제불가,지금 이 상태가 통제불가인 건가 싶어.
통제불가,계속 통제불가이 느껴져서 하루 종일 우울했어.
통제불가,그냥 멍하게 있다 보면 통제불가이 밀려와.
통제불가,통제불가이 쌓이고 쌓여서 이제는 무뎌진 것 같아.
통제불가,통제불가 때문에 밥맛도 없고 잠도 안 와.
통제불가,통제불가을(를) 이겨내고 싶은데 쉽지가 않아.
통제불가,요즘 진짜 통제불가 때문에 아무것도 손에 안 잡혀.
통제불가,사람들이 모를 뿐이지 나 진짜 통제불가해.
통제불가,솔직히 말해서 나 지금 통제불가 때문에 힘들어.
통제불가,별일 없는데 자꾸 가라앉는 기분이 들어.
통제불가,마음이 복잡하고 어지러워.
통제불가,대화를 해도 마음이 공허했어.
통제불가,하루 종일 기운이 없었어.
통제불가,일상에 집중이 안 되고 멍했어.
통제불가,누가 뭐라고 한 것도 아닌데 속이 답답했어.
통제불가,"내가 왜 이러는지 모르겠어, 그냥 힘들어."
통제불가,그냥 이유 없이 지치고 힘들었어.
통제불가,혼자 있으면 쓸쓸함이 밀려와.
통제불가,괜히 눈물이 날 것 같은 하루였어.
통제불가,하루 종일 방 안에서 조용히 있었어.
통제불가,누워서 천장만 바라보며 시간을 보냈어.
통제불가,핸드폰만 들여다보면서 시간을 보냈어.
통제불가,하루 종일 창밖만 멍하니 바라봤어.
통제불가,밥도 거르고 그냥 멍하니 있었어.
통제불가,집안일 하나도 못 하고 시간을 흘려보냈어.
통제불가,거울 속 내 모습이 낯설게 느껴졌어.
통제불가,친구한테 답장할 힘도 없었어.
통제불가,샤워할 기운조차 없었어.
통제불가,오늘 아무것도 하지 않고 침대에만 누워 있었어.
감정 단절,감정 단절이 괴로워서 아무 말도 하기 싫어.
감정 단절,감정 단절 때문에 밥맛도 없고 잠도 안 와.
감정 단절,감정 단절이 너무 심해서 일도 못 하겠어.
감정 단절,감정 단절이 쌓이고 쌓여서 이제는 무뎌진 것 같아.
감정 단절,감정 단절이라는 감정을 이렇게 오래 느낀 건 처음이야.
감정 단절,무슨 일이 있어도 감정 단절은 좀처럼 사라지지 않아.
감정 단절,괜찮다고 말하면서도 계속 감정 단절이 따라다녀.
감정 단절,계속 감정 단절이 느껴져서 하루 종일 우울했어.
감정 단절,가끔은 감정 단절 없이 살고 싶다는 생각이 들어.
감정 단절,"말없이 눈물만 나, 아마 감정 단절 때문일 거야."
감정 단절,그냥 이유 없이 지치고 힘들었어.
감정 단절,누가 뭐라고 한 것도 아닌데 속이 답답했어.
감정 단절,하루 종일 기운이 없었어.
감정 단절,혼자 있으면 쓸쓸함이 밀려와.
감정 단절,"내가 왜 이러는지 모르겠어, 그냥 힘들어."
감정 단절,대화를 해도 마음이 공허했어.
감정 단절,마음이 복잡하고 어지러워.
감정 단절,괜히 눈물이 날 것 같은 하루였어.
감정 단절,별일 없는데 자꾸 가라앉는 기분이 들어.
감정 단절,일상에 집중이 안 되고 멍했어.
감정 단절,오늘 아무것도 하지 않고 침대에만 누워 있었어.
감정 단절,거울 속 내 모습이 낯설게 느껴졌어.
감정 단절,샤워할 기운조차 없었어.
감정 단절,집안일 하나도 못 하고 시간을 흘려보냈어.
감정 단절,핸드폰만 들여다보면서 시간을 보냈어.
감정 단절,누워서 천장만 바라보며 시간을 보냈어.
감정 단절,하루 종일 방 안에서 조용히 있었어.
감정 단절,하루 종일 창밖만 멍하니 바라봤어.
감정 단절,밥도 거르고 그냥 멍하니 있었어.
감정 단절,친구한테 답장할 힘도 없었어.
감정 방치,무슨 일이 있어도 감정 방치은 좀처럼 사라지지 않아.
감정 방치,그냥 멍하게 있다 보면 감정 방치이 밀려와.
감정 방치,겉으로는 멀쩡해 보여도 속은 완전 감정 방치이야.
감정 방치,자꾸 감정 방치에 잠식당하는 기분이야.
감정 방치,솔직히 말해서 나 지금 감정 방치 때문에 힘들어.
감정 방치,진심으로 감정 방치이 나를 갉아먹는 느낌이야.
감정 방치,나 요즘 감정 방치이 너무 심해서 병원 가볼까 고민 중이야.
감정 방치,가끔은 감정 방치 없이 살고 싶다는 생각이 들어.
감정 방치,사람들이 모를 뿐이지 나 진짜 감정 방치해.
감정 방치,감정 방치을(를) 이겨내고 싶은데 쉽지가 않아.
감정 방치,하루 종일 기운이 없었어.
감정 방치,대화를 해도 마음이 공허했어.
감정 방치,일상에 집중이 안 되고 멍했어.
감정 방치,누가 뭐라고 한 것도 아닌데 속이 답답했어.
감정 방치,마음이 복잡하고 어지러워.
감정 방치,"내가 왜 이러는지 모르겠어, 그냥 힘들어."
감정 방치,혼자 있으면 쓸쓸함이 밀려와.
감정 방치,괜히 눈물이 날 것 같은 하루였어.
감정 방치,그냥 이유 없이 지치고 힘들었어.
감정 방치,별일 없는데 자꾸 가라앉는 기분이 들어.
감정 방치,밥도 거르고 그냥 멍하니 있었어.
감정 방치,누워서 천장만 바라보며 시간을 보냈어.
감정 방치,샤워할 기운조차 없었어.
감정 방치,핸드폰만 들여다보면서 시간을 보냈어.
감정 방치,하루 종일 방 안에서 조용히 있었어.
감정 방치,집안일 하나도 못 하고 시간을 흘려보냈어.
감정 방치,하루 종일 창밖만 멍하니 바라봤어.
감정 방치,친구한테 답장할 힘도 없었어.
감정 방치,오늘 아무것도 하지 않고 침대에만 누워 있었어.
감정 방치,거울 속 내 모습이 낯설게 느껴졌어.
분리감,분리감이라는 감정을 어떻게 표현해야 할지 모르겠어.
분리감,분리감이 쌓이고 쌓여서 이제는 무뎌진 것 같아.
분리감,괜찮다고 말하면서도 계속 분리감이 따라다녀.
분리감,분리감을(를) 이겨내고 싶은데 쉽지가 않아.
분리감,요즘 진짜 분리감 때문에 아무것도 손에 안 잡혀.
분리감,무슨 일이 있어도 분리감은 좀처럼 사라지지 않아.
분리감,분리감 때문에 웃는 게 어색해졌어.
분리감,분리감이라는 감정을 이렇게 오래 느낀 건 처음이야.
분리감,가끔은 분리감 없이 살고 싶다는 생각이 들어.
분리감,나 요즘 분리감이 너무 심해서 병원 가볼까 고민 중이야.
분리감,마음이 복잡하고 어지러워.
분리감,혼자 있으면 쓸쓸함이 밀려와.
분리감,괜히 눈물이 날 것 같은 하루였어.
분리감,대화를 해도 마음이 공허했어.
분리감,그냥 이유 없이 지치고 힘들었어.
분리감,일상에 집중이 안 되고 멍했어.
분리감,"내가 왜 이러는지 모르겠어, 그냥 힘들어."
분리감,별일 없는데 자꾸 가라앉는 기분이 들어.
분리감,하루 종일 기운이 없었어.
분리감,누가 뭐라고 한 것도 아닌데 속이 답답했어.
분리감,집안일 하나도 못 하고 시간을 흘려보냈어.
분리감,핸드폰만 들여다보면서 시간을 보냈어.
분리감,밥도 거르고 그냥 멍하니 있었어.
분리감,하루 종일 방 안에서 조용히 있었어.
분리감,친구한테 답장할 힘도 없었어.
분리감,누워서 천장만 바라보며 시간을 보냈어.
분리감,하루 종일 창밖만 멍하니 바라봤어.
분리감,오늘 아무것도 하지 않고 침대에만 누워 있었어.
분리감,거울 속 내 모습이 낯설게 느껴졌어.
분리감,샤워할 기운조차 없었어.
두려움,두려움이라는 감정을 어떻게 표현해야 할지 모르겠어.
두려움,하루 종일 두려움 생각뿐이었어.
두려움,이런 두려움이 계속되면 무너질 것 같아.
두려움,무슨 일이 있어도 두려움은 좀처럼 사라지지 않아.
두려움,두려움 때문에 밥맛도 없고 잠도 안 와.
두려움,솔직히 말해서 나 지금 두려움 때문에 힘들어.
두려움,사람들이 모를 뿐이지 나 진짜 두려움해.
두려움,"그냥 두려움한 하루였어, 특별한 일도 없는데."
두려움,두려움이 쌓이고 쌓여서 이제는 무뎌진 것 같아.
두려움,두려움이 너무 심해서 사람 만나기도 싫어.
두려움,누가 뭐라고 한 것도 아닌데 속이 답답했어.
두려움,대화를 해도 마음이 공허했어.
두려움,혼자 있으면 쓸쓸함이 밀려와.
두려움,별일 없는데 자꾸 가라앉는 기분이 들어.
두려움,하루 종일 기운이 없었어.
두려움,"내가 왜 이러는지 모르겠어, 그냥 힘들어."
두려움,괜히 눈물이 날 것 같은 하루였어.
두려움,일상에 집중이 안 되고 멍했어.
두려움,마음이 복잡하고 어지러워.
두려움,그냥 이유 없이 지치고 힘들었어.
두려움,밥도 거르고 그냥 멍하니 있었어.
두려움,핸드폰만 들여다보면서 시간을 보냈어.
두려움,누워서 천장만 바라보며 시간을 보냈어.
두려움,하루 종일 창밖만 멍하니 바라봤어.
두려움,거울 속 내 모습이 낯설게 느껴졌어.
두려움,친구한테 답장할 힘도 없었어.
두려움,하루 종일 방 안에서 조용히 있었어.
두려움,샤워할 기운조차 없었어.
두려움,집안일 하나도 못 하고 시간을 흘려보냈어.
두려움,오늘 아무것도 하지 않고 침대에만 누워 있었어.
불쾌감,불쾌감이라는 감정을 이렇게 오래 느낀 건 처음이야.
불쾌감,불쾌감 때문에 밥맛도 없고 잠도 안 와.
불쾌감,불쾌감이 내 일상 전부를 잠식하고 있어.
불쾌감,말은 못 했지만 속으로는 계속 불쾌감하고 있었어.
불쾌감,불쾌감이라는 감정을 어떻게 표현해야 할지 모르겠어.
불쾌감,사람들이 모를 뿐이지 나 진짜 불쾌감해.
불쾌감,계속 불쾌감이 느껴져서 하루 종일 우울했어.
불쾌감,불쾌감 때문에 웃는 게 어색해졌어.
불쾌감,가끔은 불쾌감 없이 살고 싶다는 생각이 들어.
불쾌감,"말없이 눈물만 나, 아마 불쾌감 때문일 거야."
불쾌감,"내가 왜 이러는지 모르겠어, 그냥 힘들어."
불쾌감,그냥 이유 없이 지치고 힘들었어.
불쾌감,하루 종일 기운이 없었어.
불쾌감,누가 뭐라고 한 것도 아닌데 속이 답답했어.
불쾌감,별일 없는데 자꾸 가라앉는 기분이 들어.
불쾌감,마음이 복잡하고 어지러워.
불쾌감,일상에 집중이 안 되고 멍했어.
불쾌감,혼자 있으면 쓸쓸함이 밀려와.
불쾌감,대화를 해도 마음이 공허했어.
불쾌감,괜히 눈물이 날 것 같은 하루였어.
불쾌감,샤워할 기운조차 없었어.
불쾌감,밥도 거르고 그냥 멍하니 있었어.
불쾌감,친구한테 답장할 힘도 없었어.
불쾌감,오늘 아무것도 하지 않고 침대에만 누워 있었어.
불쾌감,하루 종일 방 안에서 조용히 있었어.
불쾌감,집안일 하나도 못 하고 시간을 흘려보냈어.
불쾌감,핸드폰만 들여다보면서 시간을 보냈어.
불쾌감,거울 속 내 모습이 낯설게 느껴졌어.
불쾌감,하루 종일 창밖만 멍하니 바라봤어.
불쾌감,누워서 천장만 바라보며 시간을 보냈어.
멍함,멍함을(를) 이겨내고 싶은데 쉽지가 않아.
멍함,멍함이라는 감정을 이렇게 오래 느낀 건 처음이야.
멍함,진심으로 멍함이 나를 갉아먹는 느낌이야.
멍함,요즘 진짜 멍함 때문에 아무것도 손에 안 잡혀.
멍함,"말없이 눈물만 나, 아마 멍함 때문일 거야."
멍함,멍함 때문에 웃는 게 어색해졌어.
멍함,겉으로는 멀쩡해 보여도 속은 완전 멍함이야.
멍함,"왜 이렇게 멍함하지, 나도 모르겠어."
멍함,멍함 때문에 밥맛도 없고 잠도 안 와.
멍함,하루 종일 멍함 생각뿐이었어.
멍함,혼자 있으면 쓸쓸함이 밀려와.
멍함,하루 종일 기운이 없었어.
멍함,괜히 눈물이 날 것 같은 하루였어.
멍함,대화를 해도 마음이 공허했어.
멍함,그냥 이유 없이 지치고 힘들었어.
멍함,일상에 집중이 안 되고 멍했어.
멍함,누가 뭐라고 한 것도 아닌데 속이 답답했어.
멍함,별일 없는데 자꾸 가라앉는 기분이 들어.
멍함,"내가 왜 이러는지 모르겠어, 그냥 힘들어."
멍함,마음이 복잡하고 어지러워.
멍함,친구한테 답장할 힘도 없었어.
멍함,하루 종일 창밖만 멍하니 바라봤어.
멍함,오늘 아무것도 하지 않고 침대에만 누워 있었어.
멍함,밥도 거르고 그냥 멍하니 있었어.
멍함,거울 속 내 모습이 낯설게 느껴졌어.
멍함,누워서 천장만 바라보며 시간을 보냈어.
멍함,핸드폰만 들여다보면서 시간을 보냈어.
멍함,하루 종일 방 안에서 조용히 있었어.
멍함,샤워할 기운조차 없었어.
멍함,집안일 하나도 못 하고 시간을 흘려보냈어.
생각 없음,겉으로는 멀쩡해 보여도 속은 완전 생각 없음이야.
생각 없음,생각 없음을(를) 이겨내고 싶은데 쉽지가 않아.
생각 없음,생각 없음이 너무 심해서 일도 못 하겠어.
생각 없음,나 요즘 생각 없음이 너무 심해서 병원 가볼까 고민 중이야.
생각 없음,괜찮다고 말하면서도 계속 생각 없음이 따라다녀.
생각 없음,생각 없음이 내 일상 전부를 잠식하고 있어.
생각 없음,생각 없음이 쌓이고 쌓여서 이제는 무뎌진 것 같아.
생각 없음,생각 없음 때문에 웃는 게 어색해졌어.
생각 없음,"그냥 생각 없음한 하루였어, 특별한 일도 없는데."
생각 없음,솔직히 말해서 나 지금 생각 없음 때문에 힘들어.
생각 없음,마음이 복잡하고 어지러워.
생각 없음,대화를 해도 마음이 공허했어.
생각 없음,그냥 이유 없이 지치고 힘들었어.
생각 없음,혼자 있으면 쓸쓸함이 밀려와.
생각 없음,괜히 눈물이 날 것 같은 하루였어.
생각 없음,"내가 왜 이러는지 모르겠어, 그냥 힘들어."
생각 없음,별일 없는데 자꾸 가라앉는 기분이 들어.
생각 없음,누가 뭐라고 한 것도 아닌데 속이 답답했어.
생각 없음,일상에 집중이 안 되고 멍했어.
생각 없음,하루 종일 기운이 없었어.
생각 없음,오늘 아무것도 하지 않고 침대에만 누워 있었어.
생각 없음,누워서 천장만 바라보며 시간을 보냈어.
생각 없음,밥도 거르고 그냥 멍하니 있었어.
생각 없음,하루 종일 창밖만 멍하니 바라봤어.
생각 없음,샤워할 기운조차 없었어.
생각 없음,핸드폰만 들여다보면서 시간을 보냈어.
생각 없음,거울 속 내 모습이 낯설게 느껴졌어.
생각 없음,친구한테 답장할 힘도 없었어.
생각 없음,하루 종일 방 안에서 조용히 있었어.
생각 없음,집안일 하나도 못 하고 시간을 흘려보냈어.
애매함,자고 일어나도 애매함은 그대로야.
애매함,"왜 이렇게 애매함하지, 나도 모르겠어."
애매함,무슨 일이 있어도 애매함은 좀처럼 사라지지 않아.
애매함,겉으로는 멀쩡해 보여도 속은 완전 애매함이야.
애매함,애매함이 괴로워서 아무 말도 하기 싫어.
애매함,애매함이 쌓이고 쌓여서 이제는 무뎌진 것 같아.
애매함,지금 이 상태가 애매함인 건가 싶어.
애매함,이런 애매함이 계속되면 무너질 것 같아.
애매함,"그냥 애매함한 하루였어, 특별한 일도 없는데."
애매함,애매함이라는 감정을 이렇게 오래 느낀 건 처음이야.
애매함,누가 뭐라고 한 것도 아닌데 속이 답답했어.
애매함,그냥 이유 없이 지치고 힘들었어.
애매함,별일 없는데 자꾸 가라앉는 기분이 들어.
애매함,"내가 왜 이러는지 모르겠어, 그냥 힘들어."
애매함,하루 종일 기운이 없었어.
애매함,괜히 눈물이 날 것 같은 하루였어.
애매함,혼자 있으면 쓸쓸함이 밀려와.
애매함,일상에 집중이 안 되고 멍했어.
애매함,마음이 복잡하고 어지러워.
애매함,대화를 해도 마음이 공허했어.
애매함,밥도 거르고 그냥 멍하니 있었어.
애매함,거울 속 내 모습이 낯설게 느껴졌어.
애매함,누워서 천장만 바라보며 시간을 보냈어.
애매함,샤워할 기운조차 없었어.
애매함,하루 종일 창밖만 멍하니 바라봤어.
애매함,오늘 아무것도 하지 않고 침대에만 누워 있었어.
애매함,핸드폰만 들여다보면서 시간을 보냈어.
애매함,친구한테 답장할 힘도 없었어.
애매함,하루 종일 방 안에서 조용히 있었어.
애매함,집안일 하나도 못 하고 시간을 흘려보냈어.
느끼지 않음,느끼지 않음이라는 감정을 어떻게 표현해야 할지 모르겠어.
느끼지 않음,느끼지 않음 때문에 밥맛도 없고 잠도 안 와.
느끼지 않음,계속 느끼지 않음이 느껴져서 하루 종일 우울했어.
느끼지 않음,"왜 이렇게 느끼지 않음하지, 나도 모르겠어."
느끼지 않음,하루 종일 느끼지 않음 생각뿐이었어.
느끼지 않음,느끼지 않음이 내 일상 전부를 잠식하고 있어.
느끼지 않음,자고 일어나도 느끼지 않음은 그대로야.
느끼지 않음,괜찮다고 말하면서도 계속 느끼지 않음이 따라다녀.
느끼지 않음,솔직히 말해서 나 지금 느끼지 않음 때문에 힘들어.
느끼지 않음,느끼지 않음이 너무 심해서 일도 못 하겠어.
느끼지 않음,대화를 해도 마음이 공허했어.
느끼지 않음,그냥 이유 없이 지치고 힘들었어.
느끼지 않음,마음이 복잡하고 어지러워.
느끼지 않음,누가 뭐라고 한 것도 아닌데 속이 답답했어.
느끼지 않음,괜히 눈물이 날 것 같은 하루였어.
느끼지 않음,혼자 있으면 쓸쓸함이 밀려와.
느끼지 않음,별일 없는데 자꾸 가라앉는 기분이 들어.
느끼지 않음,하루 종일 기운이 없었어.
느끼지 않음,일상에 집중이 안 되고 멍했어.
느끼지 않음,"내가 왜 이러는지 모르겠어, 그냥 힘들어."
느끼지 않음,핸드폰만 들여다보면서 시간을 보냈어.
느끼지 않음,오늘 아무것도 하지 않고 침대에만 누워 있었어.
느끼지 않음,거울 속 내 모습이 낯설게 느껴졌어.
느끼지 않음,친구한테 답장할 힘도 없었어.
느끼지 않음,누워서 천장만 바라보며 시간을 보냈어.
느끼지 않음,밥도 거르고 그냥 멍하니 있었어.
느끼지 않음,샤워할 기운조차 없었어.
느끼지 않음,집안일 하나도 못 하고 시간을 흘려보냈어.
느끼지 않음,하루 종일 창밖만 멍하니 바라봤어.
느끼지 않음,하루 종일 방 안에서 조용히 있었어.
감정 없음,감정 없음이라는 감정을 어떻게 표현해야 할지 모르겠어.
감정 없음,그냥 멍하게 있다 보면 감정 없음이 밀려와.
감정 없음,감정 없음이 내 일상 전부를 잠식하고 있어.
감정 없음,자꾸 감정 없음에 잠식당하는 기분이야.
감정 없음,감정 없음을(를) 이겨내고 싶은데 쉽지가 않아.
감정 없음,감정 없음이라는 감정을 이렇게 오래 느낀 건 처음이야.
감정 없음,하루 종일 감정 없음 생각뿐이었어.
감정 없음,계속 감정 없음이 느껴져서 하루 종일 우울했어.
감정 없음,진심으로 감정 없음이 나를 갉아먹는 느낌이야.
감정 없음,말은 못 했지만 속으로는 계속 감정 없음하고 있었어.
감정 없음,그냥 이유 없이 지치고 힘들었어.
감정 없음,혼자 있으면 쓸쓸함이 밀려와.
감정 없음,하루 종일 기운이 없었어.
감정 없음,"내가 왜 이러는지 모르겠어, 그냥 힘들어."
감정 없음,대화를 해도 마음이 공허했어.
감정 없음,괜히 눈물이 날 것 같은 하루였어.
감정 없음,별일 없는데 자꾸 가라앉는 기분이 들어.
감정 없음,누가 뭐라고 한 것도 아닌데 속이 답답했어.
감정 없음,마음이 복잡하고 어지러워.
감정 없음,일상에 집중이 안 되고 멍했어.
감정 없음,핸드폰만 들여다보면서 시간을 보냈어.
감정 없음,친구한테 답장할 힘도 없었어.
감정 없음,집안일 하나도 못 하고 시간을 흘려보냈어.
감정 없음,샤워할 기운조차 없었어.
감정 없음,하루 종일 창밖만 멍하니 바라봤어.
감정 없음,밥도 거르고 그냥 멍하니 있었어.
감정 없음,누워서 천장만 바라보며 시간을 보냈어.
감정 없음,하루 종일 방 안에서 조용히 있었어.
감정 없음,거울 속 내 모습이 낯설게 느껴졌어.
감정 없음,오늘 아무것도 하지 않고 침대에만 누워 있었어.
복합감정,진심으로 복합감정이 나를 갉아먹는 느낌이야.
복합감정,자고 일어나도 복합감정은 그대로야.
복합감정,그냥 멍하게 있다 보면 복합감정이 밀려와.
복합감정,나 요즘 복합감정이 너무 심해서 병원 가볼까 고민 중이야.
복합감정,말은 못 했지만 속으로는 계속 복합감정하고 있었어.
복합감정,이런 복합감정이 계속되면 무너질 것 같아.
복합감정,복합감정 때문에 웃는 게 어색해졌어.
복합감정,가끔은 복합감정 없이 살고 싶다는 생각이 들어.
복합감정,겉으로는 멀쩡해 보여도 속은 완전 복합감정이야.
복합감정,"그냥 복합감정한 하루였어, 특별한 일도 없는데."
복합감정,혼자 있으면 쓸쓸함이 밀려와.
복합감정,마음이 복잡하고 어지러워.
복합감정,그냥 이유 없이 지치고 힘들었어.
복합감정,일상에 집중이 안 되고 멍했어.
복합감정,누가 뭐라고 한 것도 아닌데 속이 답답했어.
복합감정,별일 없는데 자꾸 가라앉는 기분이 들어.
복합감정,괜히 눈물이 날 것 같은 하루였어.
복합감정,대화를 해도 마음이 공허했어.
복합감정,"내가 왜 이러는지 모르겠어, 그냥 힘들어."
복합감정,하루 종일 기운이 없었어.
복합감정,샤워할 기운조차 없었어.
복합감정,집안일 하나도 못 하고 시간을 흘려보냈어.
복합감정,핸드폰만 들여다보면서 시간을 보냈어.
복합감정,하루 종일 창밖만 멍하니 바라봤어.
복합감정,누워서 천장만 바라보며 시간을 보냈어.
복합감정,친구한테 답장할 힘도 없었어.
복합감정,거울 속 내 모습이 낯설게 느껴졌어.
복합감정,하루 종일 방 안에서 조용히 있었어.
복합감정,오늘 아무것도 하지 않고 침대에만 누워 있었어.
복합감정,밥도 거르고 그냥 멍하니 있었어.
방어적,"왜 이렇게 방어적하지, 나도 모르겠어."
방어적,사람들이 모를 뿐이지 나 진짜 방어적해.
방어적,방어적 때문에 밥맛도 없고 잠도 안 와.
방어적,방어적이 너무 심해서 일도 못 하겠어.
방어적,말은 못 했지만 속으로는 계속 방어적하고 있었어.
방어적,"그냥 방어적한 하루였어, 특별한 일도 없는데."
방어적,무슨 일이 있어도 방어적은 좀처럼 사라지지 않아.
방어적,방어적이 너무 심해서 사람 만나기도 싫어.
방어적,겉으로는 멀쩡해 보여도 속은 완전 방어적이야.
방어적,자고 일어나도 방어적은 그대로야.
방어적,그냥 이유 없이 지치고 힘들었어.
방어적,누가 뭐라고 한 것도 아닌데 속이 답답했어.
방어적,혼자 있으면 쓸쓸함이 밀려와.
방어적,괜히 눈물이 날 것 같은 하루였어.
방어적,"내가 왜 이러는지 모르겠어, 그냥 힘들어."
방어적,일상에 집중이 안 되고 멍했어.
방어적,하루 종일 기운이 없었어.
방어적,별일 없는데 자꾸 가라앉는 기분이 들어.
방어적,마음이 복잡하고 어지러워.
방어적,대화를 해도 마음이 공허했어.
방어적,친구한테 답장할 힘도 없었어.
방어적,오늘 아무것도 하지 않고 침대에만 누워 있었어.
방어적,하루 종일 방 안에서 조용히 있었어.
방어적,밥도 거르고 그냥 멍하니 있었어.
방어적,하루 종일 창밖만 멍하니 바라봤어.
방어적,거울 속 내 모습이 낯설게 느껴졌어.
방어적,샤워할 기운조차 없었어.
방어적,핸드폰만 들여다보면서 시간을 보냈어.
방어적,집안일 하나도 못 하고 시간을 흘려보냈어.
방어적,누워서 천장만 바라보며 시간을 보냈어.
기쁨,이런 기쁨이 계속되면 무너질 것 같아.
기쁨,괜찮다고 말하면서도 계속 기쁨이 따라다녀.
기쁨,기쁨 때문에 웃는 게 어색해졌어.
기쁨,나 요즘 기쁨이 너무 심해서 병원 가볼까 고민 중이야.
기쁨,기쁨이 쌓이고 쌓여서 이제는 무뎌진 것 같아.
기쁨,자꾸 기쁨에 잠식당하는 기분이야.
기쁨,"왜 이렇게 기쁨하지, 나도 모르겠어."
기쁨,기쁨이라는 감정을 이렇게 오래 느낀 건 처음이야.
기쁨,겉으로는 멀쩡해 보여도 속은 완전 기쁨이야.
기쁨,"그냥 기쁨한 하루였어, 특별한 일도 없는데."
기쁨,마음이 복잡하고 어지러워.
기쁨,별일 없는데 자꾸 가라앉는 기분이 들어.
기쁨,하루 종일 기운이 없었어.
기쁨,혼자 있으면 쓸쓸함이 밀려와.
기쁨,그냥 이유 없이 지치고 힘들었어.
기쁨,일상에 집중이 안 되고 멍했어.
기쁨,괜히 눈물이 날 것 같은 하루였어.
기쁨,대화를 해도 마음이 공허했어.
기쁨,"내가 왜 이러는지 모르겠어, 그냥 힘들어."
기쁨,누가 뭐라고 한 것도 아닌데 속이 답답했어.
기쁨,친구한테 답장할 힘도 없었어.
기쁨,하루 종일 창밖만 멍하니 바라봤어.
기쁨,핸드폰만 들여다보면서 시간을 보냈어.
기쁨,집안일 하나도 못 하고 시간을 흘려보냈어.
기쁨,오늘 아무것도 하지 않고 침대에만 누워 있었어.
기쁨,밥도 거르고 그냥 멍하니 있었어.
기쁨,샤워할 기운조차 없었어.
기쁨,하루 종일 방 안에서 조용히 있었어.
기쁨,거울 속 내 모습이 낯설게 느껴졌어.
기쁨,누워서 천장만 바라보며 시간을 보냈어.
설렘,겉으로는 멀쩡해 보여도 속은 완전 설렘이야.
설렘,"말없이 눈물만 나, 아마 설렘 때문일 거야."
설렘,설렘이 쌓이고 쌓여서 이제는 무뎌진 것 같아.
설렘,설렘 때문에 밥맛도 없고 잠도 안 와.
설렘,자고 일어나도 설렘은 그대로야.
설렘,설렘이 내 일상 전부를 잠식하고 있어.
설렘,설렘이 너무 심해서 사람 만나기도 싫어.
설렘,그냥 멍하게 있다 보면 설렘이 밀려와.
설렘,설렘이라는 감정을 이렇게 오래 느낀 건 처음이야.
설렘,괜찮다고 말하면서도 계속 설렘이 따라다녀.
설렘,하루 종일 기운이 없었어.
설렘,마음이 복잡하고 어지러워.
설렘,일상에 집중이 안 되고 멍했어.
설렘,별일 없는데 자꾸 가라앉는 기분이 들어.
설렘,괜히 눈물이 날 것 같은 하루였어.
설렘,혼자 있으면 쓸쓸함이 밀려와.
설렘,그냥 이유 없이 지치고 힘들었어.
설렘,누가 뭐라고 한 것도 아닌데 속이 답답했어.
설렘,"내가 왜 이러는지 모르겠어, 그냥 힘들어."
설렘,대화를 해도 마음이 공허했어.
설렘,친구한테 답장할 힘도 없었어.
설렘,누워서 천장만 바라보며 시간을 보냈어.
설렘,하루 종일 창밖만 멍하니 바라봤어.
설렘,샤워할 기운조차 없었어.
설렘,하루 종일 방 안에서 조용히 있었어.
설렘,핸드폰만 들여다보면서 시간을 보냈어.
설렘,오늘 아무것도 하지 않고 침대에만 누워 있었어.
설렘,밥도 거르고 그냥 멍하니 있었어.
설렘,거울 속 내 모습이 낯설게 느껴졌어.
설렘,집안일 하나도 못 하고 시간을 흘려보냈어.
안정감,안정감이라는 감정을 어떻게 표현해야 할지 모르겠어.
안정감,진심으로 안정감이 나를 갉아먹는 느낌이야.
안정감,"말없이 눈물만 나, 아마 안정감 때문일 거야."
안정감,그냥 멍하게 있다 보면 안정감이 밀려와.
안정감,하루 종일 안정감 생각뿐이었어.
안정감,말은 못 했지만 속으로는 계속 안정감하고 있었어.
안정감,안정감이 쌓이고 쌓여서 이제는 무뎌진 것 같아.
안정감,안정감이 너무 심해서 일도 못 하겠어.
안정감,자꾸 안정감에 잠식당하는 기분이야.
안정감,가끔은 안정감 없이 살고 싶다는 생각이 들어.
안정감,대화를 해도 마음이 공허했어.
안정감,하루 종일 기운이 없었어.
안정감,"내가 왜 이러는지 모르겠어, 그냥 힘들어."
안정감,별일 없는데 자꾸 가라앉는 기분이 들어.
안정감,마음이 복잡하고 어지러워.
안정감,일상에 집중이 안 되고 멍했어.
안정감,괜히 눈물이 날 것 같은 하루였어.
안정감,혼자 있으면 쓸쓸함이 밀려와.
안정감,누가 뭐라고 한 것도 아닌데 속이 답답했어.
안정감,그냥 이유 없이 지치고 힘들었어.
안정감,거울 속 내 모습이 낯설게 느껴졌어.
안정감,하루 종일 창밖만 멍하니 바라봤어.
안정감,오늘 아무것도 하지 않고 침대에만 누워 있었어.
안정감,샤워할 기운조차 없었어.
안정감,하루 종일 방 안에서 조용히 있었어.
안정감,밥도 거르고 그냥 멍하니 있었어.
안정감,핸드폰만 들여다보면서 시간을 보냈어.
안정감,친구한테 답장할 힘도 없었어.
안정감,집안일 하나도 못 하고 시간을 흘려보냈어.
안정감,누워서 천장만 바라보며 시간을 보냈어.
행복,가끔은 행복 없이 살고 싶다는 생각이 들어.
행복,행복이라는 감정을 이렇게 오래 느낀 건 처음이야.
행복,말은 못 했지만 속으로는 계속 행복하고 있었어.
행복,"그냥 행복한 하루였어, 특별한 일도 없는데."
행복,행복 때문에 웃는 게 어색해졌어.
행복,그냥 멍하게 있다 보면 행복이 밀려와.
행복,무슨 일이 있어도 행복은 좀처럼 사라지지 않아.
행복,이런 행복이 계속되면 무너질 것 같아.
행복,솔직히 말해서 나 지금 행복 때문에 힘들어.
행복,겉으로는 멀쩡해 보여도 속은 완전 행복이야.
행복,"내가 왜 이러는지 모르겠어, 그냥 힘들어."
행복,마음이 복잡하고 어지러워.
행복,일상에 집중이 안 되고 멍했어.
행복,그냥 이유 없이 지치고 힘들었어.
행복,하루 종일 기운이 없었어.
행복,혼자 있으면 쓸쓸함이 밀려와.
행복,누가 뭐라고 한 것도 아닌데 속이 답답했어.
행복,별일 없는데 자꾸 가라앉는 기분이 들어.
행복,괜히 눈물이 날 것 같은 하루였어.
행복,대화를 해도 마음이 공허했어.
행복,누워서 천장만 바라보며 시간을 보냈어.
행복,샤워할 기운조차 없었어.
행복,핸드폰만 들여다보면서 시간을 보냈어.
행복,집안일 하나도 못 하고 시간을 흘려보냈어.
행복,하루 종일 창밖만 멍하니 바라봤어.
행복,하루 종일 방 안에서 조용히 있었어.
행복,친구한테 답장할 힘도 없었어.
행복,밥도 거르고 그냥 멍하니 있었어.
행복,거울 속 내 모습이 낯설게 느껴졌어.
행복,오늘 아무것도 하지 않고 침대에만 누워 있었어.
편안함,사람들이 모를 뿐이지 나 진짜 편안함해.
편안함,하루 종일 편안함 생각뿐이었어.
편안함,편안함이라는 감정을 이렇게 오래 느낀 건 처음이야.
편안함,겉으로는 멀쩡해 보여도 속은 완전 편안함이야.
편안함,괜찮다고 말하면서도 계속 편안함이 따라다녀.
편안함,가끔은 편안함 없이 살고 싶다는 생각이 들어.
편안함,계속 편안함이 느껴져서 하루 종일 우울했어.
편안함,지금 이 상태가 편안함인 건가 싶어.
편안함,편안함 때문에 웃는 게 어색해졌어.
편안함,말은 못 했지만 속으로는 계속 편안함하고 있었어.
편안함,혼자 있으면 쓸쓸함이 밀려와.
편안함,마음이 복잡하고 어지러워.
편안함,대화를 해도 마음이 공허했어.
편안함,누가 뭐라고 한 것도 아닌데 속이 답답했어.
편안함,일상에 집중이 안 되고 멍했어.
편안함,별일 없는데 자꾸 가라앉는 기분이 들어.
편안함,하루 종일 기운이 없었어.
편안함,"내가 왜 이러는지 모르겠어, 그냥 힘들어."
편안함,그냥 이유 없이 지치고 힘들었어.
편안함,괜히 눈물이 날 것 같은 하루였어.
편안함,오늘 아무것도 하지 않고 침대에만 누워 있었어.
편안함,샤워할 기운조차 없었어.
편안함,밥도 거르고 그냥 멍하니 있었어.
편안함,하루 종일 창밖만 멍하니 바라봤어.
편안함,누워서 천장만 바라보며 시간을 보냈어.
편안함,집안일 하나도 못 하고 시간을 흘려보냈어.
편안함,거울 속 내 모습이 낯설게 느껴졌어.
편안함,친구한테 답장할 힘도 없었어.
편안함,하루 종일 방 안에서 조용히 있었어.
편안함,핸드폰만 들여다보면서 시간을 보냈어.
만족,요즘 진짜 만족 때문에 아무것도 손에 안 잡혀.
만족,진심으로 만족이 나를 갉아먹는 느낌이야.
만족,겉으로는 멀쩡해 보여도 속은 완전 만족이야.
만족,괜찮다고 말하면서도 계속 만족이 따라다녀.
만족,지금 이 상태가 만족인 건가 싶어.
만족,"그냥 만족한 하루였어, 특별한 일도 없는데."
만족,말은 못 했지만 속으로는 계속 만족하고 있었어.
만족,자꾸 만족에 잠식당하는 기분이야.
만족,이런 만족이 계속되면 무너질 것 같아.
만족,만족이 내 일상 전부를 잠식하고 있어.
만족,일상에 집중이 안 되고 멍했어.
만족,마음이 복잡하고 어지러워.
만족,누가 뭐라고 한 것도 아닌데 속이 답답했어.
만족,그냥 이유 없이 지치고 힘들었어.
만족,하루 종일 기운이 없었어.
만족,대화를 해도 마음이 공허했어.
만족,괜히 눈물이 날 것 같은 하루였어.
만족,별일 없는데 자꾸 가라앉는 기분이 들어.
만족,"내가 왜 이러는지 모르겠어, 그냥 힘들어."
만족,혼자 있으면 쓸쓸함이 밀려와.
만족,누워서 천장만 바라보며 시간을 보냈어.
만족,하루 종일 창밖만 멍하니 바라봤어.
만족,친구한테 답장할 힘도 없었어.
만족,하루 종일 방 안에서 조용히 있었어.
만족,밥도 거르고 그냥 멍하니 있었어.
만족,오늘 아무것도 하지 않고 침대에만 누워 있었어.
만족,샤워할 기운조차 없었어.
만족,집안일 하나도 못 하고 시간을 흘려보냈어.
만족,거울 속 내 모습이 낯설게 느껴졌어.
만족,핸드폰만 들여다보면서 시간을 보냈어.
충족감,겉으로는 멀쩡해 보여도 속은 완전 충족감이야.
충족감,진심으로 충족감이 나를 갉아먹는 느낌이야.
충족감,"왜 이렇게 충족감하지, 나도 모르겠어."
충족감,충족감이 너무 심해서 사람 만나기도 싫어.
충족감,충족감을(를) 이겨내고 싶은데 쉽지가 않아.
충족감,가끔은 충족감 없이 살고 싶다는 생각이 들어.
충족감,이런 충족감이 계속되면 무너질 것 같아.
충족감,사람들이 모를 뿐이지 나 진짜 충족감해.
충족감,괜찮다고 말하면서도 계속 충족감이 따라다녀.
충족감,자고 일어나도 충족감은 그대로야.
충족감,그냥 이유 없이 지치고 힘들었어.
충족감,대화를 해도 마음이 공허했어.
충족감,누가 뭐라고 한 것도 아닌데 속이 답답했어.
충족감,혼자 있으면 쓸쓸함이 밀려와.
충족감,일상에 집중이 안 되고 멍했어.
충족감,괜히 눈물이 날 것 같은 하루였어.
충족감,"내가 왜 이러는지 모르겠어, 그냥 힘들어."
충족감,별일 없는데 자꾸 가라앉는 기분이 들어.
충족감,하루 종일 기운이 없었어.
충족감,마음이 복잡하고 어지러워.
충족감,샤워할 기운조차 없었어.
충족감,오늘 아무것도 하지 않고 침대에만 누워 있었어.
충족감,친구한테 답장할 힘도 없었어.
충족감,누워서 천장만 바라보며 시간을 보냈어.
충족감,핸드폰만 들여다보면서 시간을 보냈어.
충족감,집안일 하나도 못 하고 시간을 흘려보냈어.
충족감,하루 종일 방 안에서 조용히 있었어.
충족감,밥도 거르고 그냥 멍하니 있었어.
충족감,거울 속 내 모습이 낯설게 느껴졌어.
충족감,하루 종일 창밖만 멍하니 바라봤어.
활기참,계속 활기참이 느껴져서 하루 종일 우울했어.
활기참,무슨 일이 있어도 활기참은 좀처럼 사라지지 않아.
활기참,활기참이 너무 심해서 일도 못 하겠어.
활기참,말은 못 했지만 속으로는 계속 활기참하고 있었어.
활기참,이런 활기참이 계속되면 무너질 것 같아.
활기참,"말없이 눈물만 나, 아마 활기참 때문일 거야."
활기참,활기참이 괴로워서 아무 말도 하기 싫어.
활기참,활기참이라는 감정을 어떻게 표현해야 할지 모르겠어.
활기참,하루 종일 활기참 생각뿐이었어.
활기참,활기참이 내 일상 전부를 잠식하고 있어.
활기참,"내가 왜 이러는지 모르겠어, 그냥 힘들어."
활기참,혼자 있으면 쓸쓸함이 밀려와.
활기참,별일 없는데 자꾸 가라앉는 기분이 들어.
활기참,괜히 눈물이 날 것 같은 하루였어.
활기참,누가 뭐라고 한 것도 아닌데 속이 답답했어.
활기참,하루 종일 기운이 없었어.
활기참,마음이 복잡하고 어지러워.
활기참,일상에 집중이 안 되고 멍했어.
활기참,대화를 해도 마음이 공허했어.
활기참,그냥 이유 없이 지치고 힘들었어.
활기참,밥도 거르고 그냥 멍하니 있었어.
활기참,누워서 천장만 바라보며 시간을 보냈어.
활기참,거울 속 내 모습이 낯설게 느껴졌어.
활기참,핸드폰만 들여다보면서 시간을 보냈어.
활기참,오늘 아무것도 하지 않고 침대에만 누워 있었어.
활기참,친구한테 답장할 힘도 없었어.
활기참,하루 종일 방 안에서 조용히 있었어.
활기참,집안일 하나도 못 하고 시간을 흘려보냈어.
활기참,하루 종일 창밖만 멍하니 바라봤어.
활기참,샤워할 기운조차 없었어.
열정,그냥 멍하게 있다 보면 열정이 밀려와.
열정,"말없이 눈물만 나, 아마 열정 때문일 거야."
열정,자고 일어나도 열정은 그대로야.
열정,가끔은 열정 없이 살고 싶다는 생각이 들어.
열정,이런 열정이 계속되면 무너질 것 같아.
열정,계속 열정이 느껴져서 하루 종일 우울했어.
열정,자꾸 열정에 잠식당하는 기분이야.
열정,무슨 일이 있어도 열정은 좀처럼 사라지지 않아.
열정,사람들이 모를 뿐이지 나 진짜 열정해.
열정,열정 때문에 웃는 게 어색해졌어.
열정,하루 종일 기운이 없었어.
열정,대화를 해도 마음이 공허했어.
열정,일상에 집중이 안 되고 멍했어.
열정,누가 뭐라고 한 것도 아닌데 속이 답답했어.
열정,그냥 이유 없이 지치고 힘들었어.
열정,마음이 복잡하고 어지러워.
열정,혼자 있으면 쓸쓸함이 밀려와.
열정,별일 없는데 자꾸 가라앉는 기분이 들어.
열정,괜히 눈물이 날 것 같은 하루였어.
열정,"내가 왜 이러는지 모르겠어, 그냥 힘들어."
열정,밥도 거르고 그냥 멍하니 있었어.
열정,샤워할 기운조차 없었어.
열정,핸드폰만 들여다보면서 시간을 보냈어.
열정,오늘 아무것도 하지 않고 침대에만 누워 있었어.
열정,친구한테 답장할 힘도 없었어.
열정,거울 속 내 모습이 낯설게 느껴졌어.
열정,하루 종일 방 안에서 조용히 있었어.
열정,집안일 하나도 못 하고 시간을 흘려보냈어.
열정,누워서 천장만 바라보며 시간을 보냈어.
열정,하루 종일 창밖만 멍하니 바라봤어.
신남,신남이라는 감정을 어떻게 표현해야 할지 모르겠어.
신남,이런 신남이 계속되면 무너질 것 같아.
신남,자꾸 신남에 잠식당하는 기분이야.
신남,"왜 이렇게 신남하지, 나도 모르겠어."
신남,"말없이 눈물만 나, 아마 신남 때문일 거야."
신남,말은 못 했지만 속으로는 계속 신남하고 있었어.
신남,지금 이 상태가 신남인 건가 싶어.
신남,신남 때문에 웃는 게 어색해졌어.
신남,괜찮다고 말하면서도 계속 신남이 따라다녀.
신남,"그냥 신남한 하루였어, 특별한 일도 없는데."
신남,누가 뭐라고 한 것도 아닌데 속이 답답했어.
신남,"내가 왜 이러는지 모르겠어, 그냥 힘들어."
신남,하루 종일 기운이 없었어.
신남,별일 없는데 자꾸 가라앉는 기분이 들어.
신남,일상에 집중이 안 되고 멍했어.
신남,혼자 있으면 쓸쓸함이 밀려와.
신남,마음이 복잡하고 어지러워.
신남,괜히 눈물이 날 것 같은 하루였어.
신남,그냥 이유 없이 지치고 힘들었어.
신남,대화를 해도 마음이 공허했어.
신남,오늘 아무것도 하지 않고 침대에만 누워 있었어.
신남,하루 종일 창밖만 멍하니 바라봤어.
신남,친구한테 답장할 힘도 없었어.
신남,누워서 천장만 바라보며 시간을 보냈어.
신남,샤워할 기운조차 없었어.
신남,거울 속 내 모습이 낯설게 느껴졌어.
신남,하루 종일 방 안에서 조용히 있었어.
신남,집안일 하나도 못 하고 시간을 흘려보냈어.
신남,핸드폰만 들여다보면서 시간을 보냈어.
신남,밥도 거르고 그냥 멍하니 있었어.
사랑받음,요즘 진짜 사랑받음 때문에 아무것도 손에 안 잡혀.
사랑받음,"말없이 눈물만 나, 아마 사랑받음 때문일 거야."
사랑받음,사랑받음이 쌓이고 쌓여서 이제는 무뎌진 것 같아.
사랑받음,가끔은 사랑받음 없이 살고 싶다는 생각이 들어.
사랑받음,이런 사랑받음이 계속되면 무너질 것 같아.
사랑받음,그냥 멍하게 있다 보면 사랑받음이 밀려와.
사랑받음,지금 이 상태가 사랑받음인 건가 싶어.
사랑받음,사랑받음이 너무 심해서 일도 못 하겠어.
사랑받음,"그냥 사랑받음한 하루였어, 특별한 일도 없는데."
사랑받음,사랑받음을(를) 이겨내고 싶은데 쉽지가 않아.
사랑받음,마음이 복잡하고 어지러워.
사랑받음,별일 없는데 자꾸 가라앉는 기분이 들어.
사랑받음,일상에 집중이 안 되고 멍했어.
사랑받음,"내가 왜 이러는지 모르겠어, 그냥 힘들어."
사랑받음,그냥 이유 없이 지치고 힘들었어.
사랑받음,하루 종일 기운이 없었어.
사랑받음,혼자 있으면 쓸쓸함이 밀려와.
사랑받음,대화를 해도 마음이 공허했어.
사랑받음,괜히 눈물이 날 것 같은 하루였어.
사랑받음,누가 뭐라고 한 것도 아닌데 속이 답답했어.
사랑받음,하루 종일 창밖만 멍하니 바라봤어.
사랑받음,누워서 천장만 바라보며 시간을 보냈어.
사랑받음,핸드폰만 들여다보면서 시간을 보냈어.
사랑받음,집안일 하나도 못 하고 시간을 흘려보냈어.
사랑받음,거울 속 내 모습이 낯설게 느껴졌어.
사랑받음,친구한테 답장할 힘도 없었어.
사랑받음,밥도 거르고 그냥 멍하니 있었어.
사랑받음,오늘 아무것도 하지 않고 침대에만 누워 있었어.
사랑받음,샤워할 기운조차 없었어.
사랑받음,하루 종일 방 안에서 조용히 있었어.
기대감,기대감이 쌓이고 쌓여서 이제는 무뎌진 것 같아.
기대감,나 요즘 기대감이 너무 심해서 병원 가볼까 고민 중이야.
기대감,겉으로는 멀쩡해 보여도 속은 완전 기대감이야.
기대감,기대감이 내 일상 전부를 잠식하고 있어.
기대감,기대감이 괴로워서 아무 말도 하기 싫어.
기대감,괜찮다고 말하면서도 계속 기대감이 따라다녀.
기대감,요즘 진짜 기대감 때문에 아무것도 손에 안 잡혀.
기대감,기대감이라는 감정을 어떻게 표현해야 할지 모르겠어.
기대감,솔직히 말해서 나 지금 기대감 때문에 힘들어.
기대감,"말없이 눈물만 나, 아마 기대감 때문일 거야."
기대감,일상에 집중이 안 되고 멍했어.
기대감,괜히 눈물이 날 것 같은 하루였어.
기대감,별일 없는데 자꾸 가라앉는 기분이 들어.
기대감,그냥 이유 없이 지치고 힘들었어.
기대감,하루 종일 기운이 없었어.
기대감,대화를 해도 마음이 공허했어.
기대감,혼자 있으면 쓸쓸함이 밀려와.
기대감,"내가 왜 이러는지 모르겠어, 그냥 힘들어."
기대감,마음이 복잡하고 어지러워.
기대감,누가 뭐라고 한 것도 아닌데 속이 답답했어.
기대감,하루 종일 방 안에서 조용히 있었어.
기대감,샤워할 기운조차 없었어.
기대감,핸드폰만 들여다보면서 시간을 보냈어.
기대감,집안일 하나도 못 하고 시간을 흘려보냈어.
기대감,오늘 아무것도 하지 않고 침대에만 누워 있었어.
기대감,하루 종일 창밖만 멍하니 바라봤어.
기대감,친구한테 답장할 힘도 없었어.
기대감,누워서 천장만 바라보며 시간을 보냈어.
기대감,밥도 거르고 그냥 멍하니 있었어.
기대감,거울 속 내 모습이 낯설게 느껴졌어.
응원받음,겉으로는 멀쩡해 보여도 속은 완전 응원받음이야.
응원받음,사람들이 모를 뿐이지 나 진짜 응원받음해.
응원받음,지금 이 상태가 응원받음인 건가 싶어.
응원받음,자꾸 응원받음에 잠식당하는 기분이야.
응원받음,괜찮다고 말하면서도 계속 응원받음이 따라다녀.
응원받음,계속 응원받음이 느껴져서 하루 종일 우울했어.
응원받음,이런 응원받음이 계속되면 무너질 것 같아.
응원받음,요즘 진짜 응원받음 때문에 아무것도 손에 안 잡혀.
응원받음,솔직히 말해서 나 지금 응원받음 때문에 힘들어.
응원받음,응원받음이라는 감정을 어떻게 표현해야 할지 모르겠어.
응원받음,혼자 있으면 쓸쓸함이 밀려와.
응원받음,괜히 눈물이 날 것 같은 하루였어.
응원받음,대화를 해도 마음이 공허했어.
응원받음,"내가 왜 이러는지 모르겠어, 그냥 힘들어."
응원받음,하루 종일 기운이 없었어.
응원받음,그냥 이유 없이 지치고 힘들었어.
응원받음,누가 뭐라고 한 것도 아닌데 속이 답답했어.
응원받음,마음이 복잡하고 어지러워.
응원받음,일상에 집중이 안 되고 멍했어.
응원받음,별일 없는데 자꾸 가라앉는 기분이 들어.
응원받음,친구한테 답장할 힘도 없었어.
응원받음,오늘 아무것도 하지 않고 침대에만 누워 있었어.
응원받음,핸드폰만 들여다보면서 시간을 보냈어.
응원받음,집안일 하나도 못 하고 시간을 흘려보냈어.
응원받음,하루 종일 방 안에서 조용히 있었어.
응원받음,하루 종일 창밖만 멍하니 바라봤어.
응원받음,누워서 천장만 바라보며 시간을 보냈어.
응원받음,거울 속 내 모습이 낯설게 느껴졌어.
응원받음,샤워할 기운조차 없었어.
응원받음,밥도 거르고 그냥 멍하니 있었어.
감사,감사이라는 감정을 이렇게 오래 느낀 건 처음이야.
감사,자꾸 감사에 잠식당하는 기분이야.
감사,감사을(를) 이겨내고 싶은데 쉽지가 않아.
감사,가끔은 감사 없이 살고 싶다는 생각이 들어.
감사,지금 이 상태가 감사인 건가 싶어.
감사,사람들이 모를 뿐이지 나 진짜 감사해.
감사,괜찮다고 말하면서도 계속 감사이 따라다녀.
감사,하루 종일 감사 생각뿐이었어.
감사,자고 일어나도 감사은 그대로야.
감사,감사이 쌓이고 쌓여서 이제는 무뎌진 것 같아.
감사,마음이 복잡하고 어지러워.
감사,하루 종일 기운이 없었어.
감사,누가 뭐라고 한 것도 아닌데 속이 답답했어.
감사,괜히 눈물이 날 것 같은 하루였어.
감사,별일 없는데 자꾸 가라앉는 기분이 들어.
감사,"내가 왜 이러는지 모르겠어, 그냥 힘들어."
감사,그냥 이유 없이 지치고 힘들었어.
감사,일상에 집중이 안 되고 멍했어.
감사,대화를 해도 마음이 공허했어.
감사,혼자 있으면 쓸쓸함이 밀려와.
감사,밥도 거르고 그냥 멍하니 있었어.
감사,거울 속 내 모습이 낯설게 느껴졌어.
감사,누워서 천장만 바라보며 시간을 보냈어.
감사,친구한테 답장할 힘도 없었어.
감사,집안일 하나도 못 하고 시간을 흘려보냈어.
감사,샤워할 기운조차 없었어.
감사,오늘 아무것도 하지 않고 침대에만 누워 있었어.
감사,핸드폰만 들여다보면서 시간을 보냈어.
감사,하루 종일 방 안에서 조용히 있었어.
감사,하루 종일 창밖만 멍하니 바라봤어.
안도감,안도감이 너무 심해서 사람 만나기도 싫어.
안도감,솔직히 말해서 나 지금 안도감 때문에 힘들어.
안도감,요즘 진짜 안도감 때문에 아무것도 손에 안 잡혀.
안도감,안도감이 쌓이고 쌓여서 이제는 무뎌진 것 같아.
안도감,자고 일어나도 안도감은 그대로야.
안도감,무슨 일이 있어도 안도감은 좀처럼 사라지지 않아.
안도감,가끔은 안도감 없이 살고 싶다는 생각이 들어.
안도감,사람들이 모를 뿐이지 나 진짜 안도감해.
안도감,나 요즘 안도감이 너무 심해서 병원 가볼까 고민 중이야.
안도감,안도감 때문에 웃는 게 어색해졌어.
안도감,괜히 눈물이 날 것 같은 하루였어.
안도감,일상에 집중이 안 되고 멍했어.
안도감,혼자 있으면 쓸쓸함이 밀려와.
안도감,마음이 복잡하고 어지러워.
안도감,누가 뭐라고 한 것도 아닌데 속이 답답했어.
안도감,별일 없는데 자꾸 가라앉는 기분이 들어.
안도감,그냥 이유 없이 지치고 힘들었어.
안도감,하루 종일 기운이 없었어.
안도감,대화를 해도 마음이 공허했어.
안도감,"내가 왜 이러는지 모르겠어, 그냥 힘들어."
안도감,집안일 하나도 못 하고 시간을 흘려보냈어.
안도감,오늘 아무것도 하지 않고 침대에만 누워 있었어.
안도감,하루 종일 창밖만 멍하니 바라봤어.
안도감,누워서 천장만 바라보며 시간을 보냈어.
안도감,친구한테 답장할 힘도 없었어.
안도감,샤워할 기운조차 없었어.
안도감,핸드폰만 들여다보면서 시간을 보냈어.
안도감,거울 속 내 모습이 낯설게 느껴졌어.
안도감,하루 종일 방 안에서 조용히 있었어.
안도감,밥도 거르고 그냥 멍하니 있었어.
자신감,"그냥 자신감한 하루였어, 특별한 일도 없는데."
자신감,자고 일어나도 자신감은 그대로야.
자신감,자신감이라는 감정을 이렇게 오래 느낀 건 처음이야.
자신감,자신감이 내 일상 전부를 잠식하고 있어.
자신감,사람들이 모를 뿐이지 나 진짜 자신감해.
자신감,진심으로 자신감이 나를 갉아먹는 느낌이야.
자신감,그냥 멍하게 있다 보면 자신감이 밀려와.
자신감,자신감을(를) 이겨내고 싶은데 쉽지가 않아.
자신감,나 요즘 자신감이 너무 심해서 병원 가볼까 고민 중이야.
자신감,겉으로는 멀쩡해 보여도 속은 완전 자신감이야.
자신감,하루 종일 기운이 없었어.
자신감,일상에 집중이 안 되고 멍했어.
자신감,마음이 복잡하고 어지러워.
자신감,그냥 이유 없이 지치고 힘들었어.
자신감,누가 뭐라고 한 것도 아닌데 속이 답답했어.
자신감,혼자 있으면 쓸쓸함이 밀려와.
자신감,별일 없는데 자꾸 가라앉는 기분이 들어.
자신감,대화를 해도 마음이 공허했어.
자신감,괜히 눈물이 날 것 같은 하루였어.
자신감,"내가 왜 이러는지 모르겠어, 그냥 힘들어."
자신감,하루 종일 창밖만 멍하니 바라봤어.
자신감,오늘 아무것도 하지 않고 침대에만 누워 있었어.
자신감,하루 종일 방 안에서 조용히 있었어.
자신감,핸드폰만 들여다보면서 시간을 보냈어.
자신감,누워서 천장만 바라보며 시간을 보냈어.
자신감,거울 속 내 모습이 낯설게 느껴졌어.
자신감,샤워할 기운조차 없었어.
자신감,친구한테 답장할 힘도 없었어.
자신감,집안일 하나도 못 하고 시간을 흘려보냈어.
자신감,밥도 거르고 그냥 멍하니 있었어.
회복감,회복감이 쌓이고 쌓여서 이제는 무뎌진 것 같아.
회복감,회복감 때문에 밥맛도 없고 잠도 안 와.
회복감,회복감이 너무 심해서 일도 못 하겠어.
회복감,사람들이 모를 뿐이지 나 진짜 회복감해.
회복감,"그냥 회복감한 하루였어, 특별한 일도 없는데."
회복감,겉으로는 멀쩡해 보여도 속은 완전 회복감이야.
회복감,회복감이 괴로워서 아무 말도 하기 싫어.
회복감,회복감이 너무 심해서 사람 만나기도 싫어.
회복감,지금 이 상태가 회복감인 건가 싶어.
회복감,말은 못 했지만 속으로는 계속 회복감하고 있었어.
회복감,"내가 왜 이러는지 모르겠어, 그냥 힘들어."
회복감,일상에 집중이 안 되고 멍했어.
회복감,괜히 눈물이 날 것 같은 하루였어.
회복감,그냥 이유 없이 지치고 힘들었어.
회복감,혼자 있으면 쓸쓸함이 밀려와.
회복감,하루 종일 기운이 없었어.
회복감,누가 뭐라고 한 것도 아닌데 속이 답답했어.
회복감,별일 없는데 자꾸 가라앉는 기분이 들어.
회복감,대화를 해도 마음이 공허했어.
회복감,마음이 복잡하고 어지러워.
회복감,집안일 하나도 못 하고 시간을 흘려보냈어.
회복감,하루 종일 방 안에서 조용히 있었어.
회복감,오늘 아무것도 하지 않고 침대에만 누워 있었어.
회복감,하루 종일 창밖만 멍하니 바라봤어.
회복감,핸드폰만 들여다보면서 시간을 보냈어.
회복감,친구한테 답장할 힘도 없었어.
회복감,거울 속 내 모습이 낯설게 느껴졌어.
회복감,누워서 천장만 바라보며 시간을 보냈어.
회복감,샤워할 기운조차 없었어.
회복감,밥도 거르고 그냥 멍하니 있었어.
자존감,괜찮다고 말하면서도 계속 자존감이 따라다녀.
자존감,하루 종일 자존감 생각뿐이었어.
자존감,이런 자존감이 계속되면 무너질 것 같아.
자존감,"말없이 눈물만 나, 아마 자존감 때문일 거야."
자존감,솔직히 말해서 나 지금 자존감 때문에 힘들어.
자존감,무슨 일이 있어도 자존감은 좀처럼 사라지지 않아.
자존감,진심으로 자존감이 나를 갉아먹는 느낌이야.
자존감,지금 이 상태가 자존감인 건가 싶어.
자존감,자존감 때문에 밥맛도 없고 잠도 안 와.
자존감,자존감 때문에 웃는 게 어색해졌어.
자존감,누가 뭐라고 한 것도 아닌데 속이 답답했어.
자존감,괜히 눈물이 날 것 같은 하루였어.
자존감,일상에 집중이 안 되고 멍했어.
자존감,별일 없는데 자꾸 가라앉는 기분이 들어.
자존감,혼자 있으면 쓸쓸함이 밀려와.
자존감,그냥 이유 없이 지치고 힘들었어.
자존감,"내가 왜 이러는지 모르겠어, 그냥 힘들어."
자존감,대화를 해도 마음이 공허했어.
자존감,하루 종일 기운이 없었어.
자존감,마음이 복잡하고 어지러워.
자존감,밥도 거르고 그냥 멍하니 있었어.
자존감,핸드폰만 들여다보면서 시간을 보냈어.
자존감,하루 종일 방 안에서 조용히 있었어.
자존감,누워서 천장만 바라보며 시간을 보냈어.
자존감,집안일 하나도 못 하고 시간을 흘려보냈어.
자존감,오늘 아무것도 하지 않고 침대에만 누워 있었어.
자존감,거울 속 내 모습이 낯설게 느껴졌어.
자존감,샤워할 기운조차 없었어.
자존감,친구한테 답장할 힘도 없었어.
자존감,하루 종일 창밖만 멍하니 바라봤어.
동기부여,계속 동기부여이 느껴져서 하루 종일 우울했어.
동기부여,지금 이 상태가 동기부여인 건가 싶어.
동기부여,말은 못 했지만 속으로는 계속 동기부여하고 있었어.
동기부여,"왜 이렇게 동기부여하지, 나도 모르겠어."
동기부여,무슨 일이 있어도 동기부여은 좀처럼 사라지지 않아.
동기부여,괜찮다고 말하면서도 계속 동기부여이 따라다녀.
동기부여,솔직히 말해서 나 지금 동기부여 때문에 힘들어.
동기부여,사람들이 모를 뿐이지 나 진짜 동기부여해.
동기부여,동기부여을(를) 이겨내고 싶은데 쉽지가 않아.
동기부여,"말없이 눈물만 나, 아마 동기부여 때문일 거야."
동기부여,혼자 있으면 쓸쓸함이 밀려와.
동기부여,누가 뭐라고 한 것도 아닌데 속이 답답했어.
동기부여,별일 없는데 자꾸 가라앉는 기분이 들어.
동기부여,그냥 이유 없이 지치고 힘들었어.
동기부여,괜히 눈물이 날 것 같은 하루였어.
동기부여,일상에 집중이 안 되고 멍했어.
동기부여,대화를 해도 마음이 공허했어.
동기부여,마음이 복잡하고 어지러워.
동기부여,하루 종일 기운이 없었어.
동기부여,"내가 왜 이러는지 모르겠어, 그냥 힘들어."
동기부여,친구한테 답장할 힘도 없었어.
동기부여,집안일 하나도 못 하고 시간을 흘려보냈어.
동기부여,오늘 아무것도 하지 않고 침대에만 누워 있었어.
동기부여,밥도 거르고 그냥 멍하니 있었어.
동기부여,샤워할 기운조차 없었어.
동기부여,거울 속 내 모습이 낯설게 느껴졌어.
동기부여,핸드폰만 들여다보면서 시간을 보냈어.
동기부여,하루 종일 창밖만 멍하니 바라봤어.
동기부여,누워서 천장만 바라보며 시간을 보냈어.
동기부여,하루 종일 방 안에서 조용히 있었어.
마음의 평온,마음의 평온이 너무 심해서 사람 만나기도 싫어.
마음의 평온,마음의 평온이라는 감정을 이렇게 오래 느낀 건 처음이야.
마음의 평온,마음의 평온이 쌓이고 쌓여서 이제는 무뎌진 것 같아.
마음의 평온,겉으로는 멀쩡해 보여도 속은 완전 마음의 평온이야.
마음의 평온,자꾸 마음의 평온에 잠식당하는 기분이야.
마음의 평온,솔직히 말해서 나 지금 마음의 평온 때문에 힘들어.
마음의 평온,지금 이 상태가 마음의 평온인 건가 싶어.
마음의 평온,마음의 평온 때문에 밥맛도 없고 잠도 안 와.
마음의 평온,가끔은 마음의 평온 없이 살고 싶다는 생각이 들어.
마음의 평온,마음의 평온이라는 감정을 어떻게 표현해야 할지 모르겠어.
마음의 평온,하루 종일 기운이 없었어.
마음의 평온,대화를 해도 마음이 공허했어.
마음의 평온,별일 없는데 자꾸 가라앉는 기분이 들어.
마음의 평온,"내가 왜 이러는지 모르겠어, 그냥 힘들어."
마음의 평온,괜히 눈물이 날 것 같은 하루였어.
마음의 평온,그냥 이유 없이 지치고 힘들었어.
마음의 평온,일상에 집중이 안 되고 멍했어.
마음의 평온,누가 뭐라고 한 것도 아닌데 속이 답답했어.
마음의 평온,혼자 있으면 쓸쓸함이 밀려와.
마음의 평온,마음이 복잡하고 어지러워.
마음의 평온,거울 속 내 모습이 낯설게 느껴졌어.
마음의 평온,친구한테 답장할 힘도 없었어.
마음의 평온,샤워할 기운조차 없었어.
마음의 평온,오늘 아무것도 하지 않고 침대에만 누워 있었어.
마음의 평온,하루 종일 창밖만 멍하니 바라봤어.
마음의 평온,밥도 거르고 그냥 멍하니 있었어.
마음의 평온,하루 종일 방 안에서 조용히 있었어.
마음의 평온,집안일 하나도 못 하고 시간을 흘려보냈어.
마음의 평온,핸드폰만 들여다보면서 시간을 보냈어.
마음의 평온,누워서 천장만 바라보며 시간을 보냈어.
공감받음,계속 공감받음이 느껴져서 하루 종일 우울했어.
공감받음,진심으로 공감받음이 나를 갉아먹는 느낌이야.
공감받음,"왜 이렇게 공감받음하지, 나도 모르겠어."
공감받음,그냥 멍하게 있다 보면 공감받음이 밀려와.
공감받음,솔직히 말해서 나 지금 공감받음 때문에 힘들어.
공감받음,이런 공감받음이 계속되면 무너질 것 같아.
공감받음,괜찮다고 말하면서도 계속 공감받음이 따라다녀.
공감받음,"말없이 눈물만 나, 아마 공감받음 때문일 거야."
공감받음,사람들이 모를 뿐이지 나 진짜 공감받음해.
공감받음,공감받음이 괴로워서 아무 말도 하기 싫어.
공감받음,혼자 있으면 쓸쓸함이 밀려와.
공감받음,대화를 해도 마음이 공허했어.
공감받음,하루 종일 기운이 없었어.
공감받음,그냥 이유 없이 지치고 힘들었어.
공감받음,누가 뭐라고 한 것도 아닌데 속이 답답했어.
공감받음,"내가 왜 이러는지 모르겠어, 그냥 힘들어."
공감받음,별일 없는데 자꾸 가라앉는 기분이 들어.
공감받음,일상에 집중이 안 되고 멍했어.
공감받음,괜히 눈물이 날 것 같은 하루였어.
공감받음,마음이 복잡하고 어지러워.
공감받음,누워서 천장만 바라보며 시간을 보냈어.
공감받음,밥도 거르고 그냥 멍하니 있었어.
공감받음,거울 속 내 모습이 낯설게 느껴졌어.
공감받음,집안일 하나도 못 하고 시간을 흘려보냈어.
공감받음,친구한테 답장할 힘도 없었어.
공감받음,핸드폰만 들여다보면서 시간을 보냈어.
공감받음,하루 종일 창밖만 멍하니 바라봤어.
공감받음,샤워할 기운조차 없었어.
공감받음,오늘 아무것도 하지 않고 침대에만 누워 있었어.
공감받음,하루 종일 방 안에서 조용히 있었어.
