우울감,때때로 나는 우울증 없이 살고 싶다.
우울감,"당신이 바보라면, 당신은 우울하다."
우울감,우울증은 끝났고 지금은 막을 수 없다.
우울감,"사람들은 모른다, 나는 정말로 우울하다."
우울감,나는 정말로 우울하다고 느낀다.
우울감,왜 그렇게 우울한지 모르겠다.
우울감,오늘날 진정한 우울증 때문에 아무것도 손에 들지 않습니다.
우울감,잠을 자고 깨어나는 것은 우울하다.
우울감,"어쩌면 그것은 나의 눈물 때문에, 그리고 그것은 나의 우울증 때문에."
우울감,솔직히 말하자면 지금은 우울하다.
우울감,당신의 마음은 복잡하고 복잡합니다.
우울감,어렵고 피곤한 이유가 없었다.
우울감,집중하지 않고 어리석은
우울감,"내가 말했을 때, 내 마음은 텅 비어 있었다."
우울감,"그것은 일어나지 않지만, 나는 여전히 죽고있다."
우울감,"혼자있을 때, 불행을 제거하십시오."
우울감,그것은 눈물의 날과 같았다.
우울감,왜 그런지 모르겠지만 힘들다.
우울감,하루 종일 기분이 좋지 않았다.
우울감,아무도 아무 말도 하지 않았지만 나는 바보였다.
우울감,나는 휴대폰을 보면서 시간을 보냈다.
우울감,나는 앉아서 지붕을 바라보는 시간을 보냈다.
우울감,나는 하루 종일 방에서 조용했다.
우울감,나는 하루 종일 창문 밖을 바라보았다.
우울감,오늘은 아무것도 하지 않고 침대에 누워있었습니다.
우울감,거울 속에서 이상하게 느껴졌다.
우울감,나는 내 친구에게 대답할 수 없었다.
우울감,나는 집안일을 하지 않았고 시간을 보냈다.
우울감,나는 심지어 샤워를 하지 않았다.
우울감,나는 바보였고 그냥 바보였다.
불안,"당신이 어리석은 경우에, 불안을 얻으십시오."
불안,"사람들은 모른다, 나는 정말 걱정."
불안,"오늘날, 불안 때문에 손에 아무것도 잡혀 있지 않습니다."
불안,"나는 말하지 않았다, 그러나 나는 여전히 걱정했다."
불안,나는 정말로 나를 먹는 것에 대해 걱정한다.
불안,나는 하루 종일 불안하고 우울했다.
불안,"이 불안이 계속된다면, 그것은 떨어질 것입니다."
불안,그는 괜찮다고 말하고 계속 걱정한다.
불안,"걱정은 끝났고, 지금은 불가능한 것처럼 보입니다."
불안,불안 때문에 웃는 것이 이상했습니다.
불안,당신의 마음은 복잡하고 복잡합니다.
불안,아무도 아무 말도 하지 않았지만 나는 바보였다.
불안,"그것은 일어나지 않지만, 나는 여전히 죽고있다."
불안,"혼자있을 때, 불행을 제거하십시오."
불안,"내가 말했을 때, 내 마음은 텅 비어 있었다."
불안,어렵고 피곤한 이유가 없었다.
불안,하루 종일 기분이 좋지 않았다.
불안,집중하지 않고 어리석은
불안,왜 그런지 모르겠지만 힘들다.
불안,그것은 눈물의 날과 같았다.
불안,나는 하루 종일 창문 밖을 바라보았다.
불안,거울 속에서 이상하게 느껴졌다.
불안,나는 내 친구에게 대답할 수 없었다.
불안,나는 집안일을 하지 않았고 시간을 보냈다.
불안,나는 심지어 샤워를 하지 않았다.
불안,오늘은 아무것도 하지 않고 침대에 누워있었습니다.
불안,나는 휴대폰을 보면서 시간을 보냈다.
불안,나는 바보였고 그냥 바보였다.
불안,나는 하루 종일 방에서 조용했다.
불안,나는 앉아서 지붕을 바라보는 시간을 보냈다.
스트레스,스트레스는 내 인생 전체를 극복한다.
스트레스,잠을 자고 일어나는 것은 스트레스가 많다.
스트레스,이 스트레스가 계속되면 그것은 떨어질 것입니다.
스트레스,스트레스는 끝났고 지금은 견딜 수 없는 것처럼 보입니다.
스트레스,"솔직히 말하자면, 지금은 스트레스로 인해 힘들다."
스트레스,계속 스트레스를 느낀다.
스트레스,나는 내가 일할 수 없다는 것을 너무 강조한다.
스트레스,나는 너무 긴장되어 병원에 가야 한다고 생각한다.
스트레스,나는 너무 스트레스를 받아서 사람들을 만나는 것을 좋아하지 않는다.
스트레스,때때로 나는 스트레스없이 살고 싶다고 생각한다.
스트레스,그것은 눈물의 날과 같았다.
스트레스,당신의 마음은 복잡하고 복잡합니다.
스트레스,왜 그런지 모르겠지만 힘들다.
스트레스,하루 종일 기분이 좋지 않았다.
스트레스,아무도 아무 말도 하지 않았지만 나는 바보였다.
스트레스,어렵고 피곤한 이유가 없었다.
스트레스,집중하지 않고 어리석은
스트레스,"그것은 일어나지 않지만, 나는 여전히 죽고있다."
스트레스,"혼자있을 때, 불행을 제거하십시오."
스트레스,"내가 말했을 때, 내 마음은 텅 비어 있었다."
스트레스,나는 내 친구에게 대답할 수 없었다.
스트레스,나는 휴대폰을 보면서 시간을 보냈다.
스트레스,오늘은 아무것도 하지 않고 침대에 누워있었습니다.
스트레스,나는 집안일을 하지 않았고 시간을 보냈다.
스트레스,나는 심지어 샤워를 하지 않았다.
스트레스,나는 바보였고 그냥 바보였다.
스트레스,거울 속에서 이상하게 느껴졌다.
스트레스,나는 앉아서 지붕을 바라보는 시간을 보냈다.
스트레스,나는 하루 종일 창문 밖을 바라보았다.
스트레스,나는 하루 종일 방에서 조용했다.
외로움,그녀는 여전히 외로움을 느낀다.
외로움,정말로 외로움이 나를 먹는 것처럼 느껴집니다.
외로움,나는 외로움으로 고통 받고 아무 말도 하지 않는다.
외로움,때때로 나는 외로움 없이 살고 싶다.
외로움,나는 하루 종일 외로움에 대해 생각했다.
외로움,외로움은 내 인생 전체를 덮고 있다.
외로움,왜 그렇게 혼자 있는지 모르겠다.
외로움,외로움을 위해 먹지 않고 잠을 자지 않는다.
외로움,나는 너무 외로워서 병원에 가야 한다.
외로움,잠을 자고 깨어나는 것은 외로움이다.
외로움,그것은 눈물의 날과 같았다.
외로움,아무도 아무 말도 하지 않았지만 나는 바보였다.
외로움,어렵고 피곤한 이유가 없었다.
외로움,하루 종일 기분이 좋지 않았다.
외로움,"그것은 일어나지 않지만, 나는 여전히 죽고있다."
외로움,당신의 마음은 복잡하고 복잡합니다.
외로움,"혼자있을 때, 불행을 제거하십시오."
외로움,집중하지 않고 어리석은
외로움,왜 그런지 모르겠지만 힘들다.
외로움,"내가 말했을 때, 내 마음은 텅 비어 있었다."
외로움,거울 속에서 이상하게 느껴졌다.
외로움,나는 심지어 샤워를 하지 않았다.
외로움,오늘은 아무것도 하지 않고 침대에 누워있었습니다.
외로움,나는 하루 종일 방에서 조용했다.
외로움,나는 앉아서 지붕을 바라보는 시간을 보냈다.
외로움,나는 내 친구에게 대답할 수 없었다.
외로움,나는 휴대폰을 보면서 시간을 보냈다.
외로움,나는 바보였고 그냥 바보였다.
외로움,나는 집안일을 하지 않았고 시간을 보냈다.
외로움,나는 하루 종일 창문 밖을 바라보았다.
무기력,나는 힘을 극복하고 싶지만 쉽지 않다.
무기력,나는 하루 종일 무력하고 우울하다고 느꼈다.
무기력,나는 힘의 감각을 표현하는 방법을 모른다.
무기력,나는 너무 무력해서 사람들을 만나는 것을 좋아하지 않는다.
무기력,나는 하루 종일 무력에 대해 생각했다.
무기력,"그는 괜찮다고 말하지만, 그는 여전히 무력하다."
무기력,"왜 그렇게 무력한지, 나는 모른다."
무기력,"이 힘이 계속된다면, 그것은 붕괴 될 것이다."
무기력,나는 이 나라가 무력하다고 생각한다.
무기력,나는 너무 힘들고 나는 병원에 가고 있다고 생각한다.
무기력,"그것은 일어나지 않지만, 나는 여전히 죽고있다."
무기력,하루 종일 기분이 좋지 않았다.
무기력,"내가 말했을 때, 내 마음은 텅 비어 있었다."
무기력,당신의 마음은 복잡하고 복잡합니다.
무기력,집중하지 않고 어리석은
무기력,그것은 눈물의 날과 같았다.
무기력,"혼자있을 때, 불행을 제거하십시오."
무기력,어렵고 피곤한 이유가 없었다.
무기력,왜 그런지 모르겠지만 힘들다.
무기력,아무도 아무 말도 하지 않았지만 나는 바보였다.
무기력,거울 속에서 이상하게 느껴졌다.
무기력,나는 하루 종일 방에서 조용했다.
무기력,나는 하루 종일 창문 밖을 바라보았다.
무기력,나는 집안일을 하지 않았고 시간을 보냈다.
무기력,나는 바보였고 그냥 바보였다.
무기력,나는 휴대폰을 보면서 시간을 보냈다.
무기력,오늘은 아무것도 하지 않고 침대에 누워있었습니다.
무기력,나는 내 친구에게 대답할 수 없었다.
무기력,나는 심지어 샤워를 하지 않았다.
무기력,나는 앉아서 지붕을 바라보는 시간을 보냈다.
분노,오늘날 진정한 분노로 인해 아무것도 손에 잡혀 있지 않습니다.
분노,분노가 나를 먹는 것처럼 느껴졌다.
분노,나는 화가 나서 아무 말도 하지 않는다.
분노,그는 계속 화가 났다.
분노,"나는 울고있다, 어쩌면 분노 때문에."
분노,나는 왜 그렇게 화가 났는지 모르겠다.
분노,이렇게 오랫동안 분노를 느끼는 것은 처음이었습니다.
분노,"솔직히 말하자면, 나는 분노 때문에 지금 힘들다."
분노,그는 괜찮다고 말하지만 계속 화가 났다.
분노,분노 때문에 음식을 먹지 않고 잠을 자지 않는다.
분노,어렵고 피곤한 이유가 없었다.
분노,하루 종일 기분이 좋지 않았다.
분노,"그것은 일어나지 않지만, 나는 여전히 죽고있다."
분노,"내가 말했을 때, 내 마음은 텅 비어 있었다."
분노,왜 그런지 모르겠지만 힘들다.
분노,당신의 마음은 복잡하고 복잡합니다.
분노,아무도 아무 말도 하지 않았지만 나는 바보였다.
분노,집중하지 않고 어리석은
분노,그것은 눈물의 날과 같았다.
분노,"혼자있을 때, 불행을 제거하십시오."
분노,나는 집안일을 하지 않았고 시간을 보냈다.
분노,나는 휴대폰을 보면서 시간을 보냈다.
분노,오늘은 아무것도 하지 않고 침대에 누워있었습니다.
분노,나는 하루 종일 창문 밖을 바라보았다.
분노,나는 앉아서 지붕을 바라보는 시간을 보냈다.
분노,나는 심지어 샤워를 하지 않았다.
분노,거울 속에서 이상하게 느껴졌다.
분노,나는 바보였고 그냥 바보였다.
분노,나는 내 친구에게 대답할 수 없었다.
분노,나는 하루 종일 방에서 조용했다.
짜증,그것은 정말 나를 짜증나게 느낀다.
짜증,자극 때문에 먹지 않고 잠을 자지 않는다.
짜증,나는 불안을 표현하는 방법을 모른다.
짜증,흥분 때문에 웃는 것이 이상했습니다.
짜증,"무슨 일이 일어날지라도, 자극은 사라지지 않습니다."
짜증,나는 하루 종일 불안하고 우울했다.
짜증,"그것은 잘 보이지만, 그것은 완전히 짜증나는."
짜증,"왜 그렇게 짜증나는지, 나는 모른다."
짜증,"나는 그것이 불안하다고 생각하고, 지금은 무력하다."
짜증,그는 괜찮다고 말하지만 여전히 짜증나고 있습니다.
짜증,어렵고 피곤한 이유가 없었다.
짜증,그것은 눈물의 날과 같았다.
짜증,"내가 말했을 때, 내 마음은 텅 비어 있었다."
짜증,집중하지 않고 어리석은
짜증,아무도 아무 말도 하지 않았지만 나는 바보였다.
짜증,"그것은 일어나지 않지만, 나는 여전히 죽고있다."
짜증,하루 종일 기분이 좋지 않았다.
짜증,왜 그런지 모르겠지만 힘들다.
짜증,"혼자있을 때, 불행을 제거하십시오."
짜증,당신의 마음은 복잡하고 복잡합니다.
짜증,나는 앉아서 지붕을 바라보는 시간을 보냈다.
짜증,오늘은 아무것도 하지 않고 침대에 누워있었습니다.
짜증,거울 속에서 이상하게 느껴졌다.
짜증,나는 집안일을 하지 않았고 시간을 보냈다.
짜증,나는 하루 종일 방에서 조용했다.
짜증,나는 휴대폰을 보면서 시간을 보냈다.
짜증,나는 내 친구에게 대답할 수 없었다.
짜증,나는 바보였고 그냥 바보였다.
짜증,나는 심지어 샤워를 하지 않았다.
짜증,나는 하루 종일 창문 밖을 바라보았다.
질투,그는 괜찮다고 말하지만 여전히 질투합니다.
질투,"사람들은 모른다, 나는 질투한다."
질투,"나는 울고있다, 어쩌면 질투 때문에."
질투,질투에 대한 음식도 없고 잠도 없다.
질투,나는 질투를 표현하는 방법을 모른다.
질투,무슨 일이 일어나든 질투는 사라지지 않는다.
질투,나는 진짜 질투가 나를 먹는 것처럼 느낀다.
질투,나는 너무 질투해서 그렇게 할 수 없다.
질투,이 질투가 계속되면 그것은 떨어질 것입니다.
질투,그것은 좋은 것처럼 보이지만 완전히 질투합니다.
질투,하루 종일 기분이 좋지 않았다.
질투,아무도 아무 말도 하지 않았지만 나는 바보였다.
질투,"그것은 일어나지 않지만, 나는 여전히 죽고있다."
질투,집중하지 않고 어리석은
질투,"내가 말했을 때, 내 마음은 텅 비어 있었다."
질투,그것은 눈물의 날과 같았다.
질투,왜 그런지 모르겠지만 힘들다.
질투,"혼자있을 때, 불행을 제거하십시오."
질투,당신의 마음은 복잡하고 복잡합니다.
질투,어렵고 피곤한 이유가 없었다.
질투,나는 하루 종일 방에서 조용했다.
질투,나는 하루 종일 창문 밖을 바라보았다.
질투,나는 심지어 샤워를 하지 않았다.
질투,나는 휴대폰을 보면서 시간을 보냈다.
질투,나는 앉아서 지붕을 바라보는 시간을 보냈다.
질투,나는 내 친구에게 대답할 수 없었다.
질투,나는 집안일을 하지 않았고 시간을 보냈다.
질투,나는 바보였고 그냥 바보였다.
질투,오늘은 아무것도 하지 않고 침대에 누워있었습니다.
질투,거울 속에서 이상하게 느껴졌다.
억울함,고통 때문에 음식을 먹지 않고 잠을 자지 않습니다.
억울함,나는 오랫동안 그렇게 슬프게 느꼈던 처음이었다.
억울함,이 상황이 지금 슬프게 되기를 바란다.
억울함,"나는 울고있다, 어쩌면 고통 때문에."
억울함,"그는 괜찮다고 말하지만, 그는 여전히 슬프다."
억울함,슬픈 날이었고 특별한 일이 없었다.
억울함,"나는 너무 슬프다, 나는 사람들을 만나고 싶지 않다."
억울함,당신이 바보라면 슬픔을 밀어 넣으십시오.
억울함,"이 고통이 계속된다면, 그것은 떨어질 것이다."
억울함,"무슨 일이 일어나든, 고통은 사라지지 않습니다."
억울함,집중하지 않고 어리석은
억울함,당신의 마음은 복잡하고 복잡합니다.
억울함,하루 종일 기분이 좋지 않았다.
억울함,"혼자있을 때, 불행을 제거하십시오."
억울함,아무도 아무 말도 하지 않았지만 나는 바보였다.
억울함,"그것은 일어나지 않지만, 나는 여전히 죽고있다."
억울함,"내가 말했을 때, 내 마음은 텅 비어 있었다."
억울함,그것은 눈물의 날과 같았다.
억울함,어렵고 피곤한 이유가 없었다.
억울함,왜 그런지 모르겠지만 힘들다.
억울함,나는 바보였고 그냥 바보였다.
억울함,나는 심지어 샤워를 하지 않았다.
억울함,나는 하루 종일 창문 밖을 바라보았다.
억울함,나는 휴대폰을 보면서 시간을 보냈다.
억울함,거울 속에서 이상하게 느껴졌다.
억울함,나는 집안일을 하지 않았고 시간을 보냈다.
억울함,오늘은 아무것도 하지 않고 침대에 누워있었습니다.
억울함,나는 내 친구에게 대답할 수 없었다.
억울함,나는 하루 종일 방에서 조용했다.
억울함,나는 앉아서 지붕을 바라보는 시간을 보냈다.
좌절,왜 그렇게 실망했는지 모르겠다.
좌절,"이 실망이 계속된다면, 그것은 떨어질 것이다."
좌절,지금은 실망하고 실망하다고 생각합니다.
좌절,잠을 자고 깨어나는 것은 실망스럽다.
좌절,"나는 울고있다, 어쩌면 실망 때문에."
좌절,나는 때때로 실망없이 살고 싶다.
좌절,나는 하루 종일 혼란스럽고 우울했다.
좌절,그것은 좋은 것처럼 보이지만 완전히 실망스럽게 보입니다.
좌절,나는 실망하고 아무 말도 하지 않는다.
좌절,그는 여전히 좌절감을 느낀다.
좌절,"그것은 일어나지 않지만, 나는 여전히 죽고있다."
좌절,그것은 눈물의 날과 같았다.
좌절,집중하지 않고 어리석은
좌절,당신의 마음은 복잡하고 복잡합니다.
좌절,"혼자있을 때, 불행을 제거하십시오."
좌절,어렵고 피곤한 이유가 없었다.
좌절,아무도 아무 말도 하지 않았지만 나는 바보였다.
좌절,하루 종일 기분이 좋지 않았다.
좌절,왜 그런지 모르겠지만 힘들다.
좌절,"내가 말했을 때, 내 마음은 텅 비어 있었다."
좌절,나는 앉아서 지붕을 바라보는 시간을 보냈다.
좌절,나는 휴대폰을 보면서 시간을 보냈다.
좌절,나는 하루 종일 창문 밖을 바라보았다.
좌절,나는 심지어 샤워를 하지 않았다.
좌절,나는 내 친구에게 대답할 수 없었다.
좌절,거울 속에서 이상하게 느껴졌다.
좌절,나는 하루 종일 방에서 조용했다.
좌절,오늘은 아무것도 하지 않고 침대에 누워있었습니다.
좌절,나는 집안일을 하지 않았고 시간을 보냈다.
좌절,나는 바보였고 그냥 바보였다.
실망,"나는 왜 그렇게 실망했는지, 나는 모른다."
실망,"당신이 바보라면, 당신은 실망합니다."
실망,나는 하루 종일 실망하고 우울했다.
실망,무슨 일이 일어나든 실망은 사라지지 않는다.
실망,"나는 말하지 않았다, 그러나 나는 여전히 실망했다."
실망,"그것은 실망의 날이었고, 특별한 것은 없었다."
실망,그는 괜찮다고 말하고 계속 실망한다.
실망,나는 때때로 실망없이 살고 싶다.
실망,처음으로 그런 실망감을 느꼈다.
실망,나는 너무 실망해서 아무것도 할 수 없다.
실망,"혼자있을 때, 불행을 제거하십시오."
실망,당신의 마음은 복잡하고 복잡합니다.
실망,그것은 눈물의 날과 같았다.
실망,왜 그런지 모르겠지만 힘들다.
실망,아무도 아무 말도 하지 않았지만 나는 바보였다.
실망,"그것은 일어나지 않지만, 나는 여전히 죽고있다."
실망,어렵고 피곤한 이유가 없었다.
실망,하루 종일 기분이 좋지 않았다.
실망,"내가 말했을 때, 내 마음은 텅 비어 있었다."
실망,집중하지 않고 어리석은
실망,나는 하루 종일 창문 밖을 바라보았다.
실망,나는 집안일을 하지 않았고 시간을 보냈다.
실망,나는 바보였고 그냥 바보였다.
실망,나는 하루 종일 방에서 조용했다.
실망,나는 휴대폰을 보면서 시간을 보냈다.
실망,나는 심지어 샤워를 하지 않았다.
실망,거울 속에서 이상하게 느껴졌다.
실망,나는 내 친구에게 대답할 수 없었다.
실망,오늘은 아무것도 하지 않고 침대에 누워있었습니다.
실망,나는 앉아서 지붕을 바라보는 시간을 보냈다.
혐오,"사람들은 모른다, 나는 정말로 그것을 싫어한다."
혐오,나는 싫어하고 아무 말도 하지 않는다.
혐오,증오는 너무 힘들어서 할 수가 없어요.
혐오,미움 때문에 웃는 것은 이상한 일이었다.
혐오,나는 사람들을 만나는 것을 너무 싫어한다.
혐오,"무슨 일이 일어나든, 증오는 사라지지 않는다."
혐오,"솔직히 말하자면, 나는 지금 증오 때문에 힘들다."
혐오,증오는 내 인생 전체를 좁히고 있다.
혐오,그는 괜찮다고 말하지만 계속해서 싫어한다.
혐오,증오 때문에 음식이나 잠이 없습니다.
혐오,하루 종일 기분이 좋지 않았다.
혐오,왜 그런지 모르겠지만 힘들다.
혐오,아무도 아무 말도 하지 않았지만 나는 바보였다.
혐오,"혼자있을 때, 불행을 제거하십시오."
혐오,어렵고 피곤한 이유가 없었다.
혐오,"내가 말했을 때, 내 마음은 텅 비어 있었다."
혐오,당신의 마음은 복잡하고 복잡합니다.
혐오,그것은 눈물의 날과 같았다.
혐오,"그것은 일어나지 않지만, 나는 여전히 죽고있다."
혐오,집중하지 않고 어리석은
혐오,나는 앉아서 지붕을 바라보는 시간을 보냈다.
혐오,나는 내 친구에게 대답할 수 없었다.
혐오,나는 휴대폰을 보면서 시간을 보냈다.
혐오,나는 심지어 샤워를 하지 않았다.
혐오,오늘은 아무것도 하지 않고 침대에 누워있었습니다.
혐오,나는 바보였고 그냥 바보였다.
혐오,거울 속에서 이상하게 느껴졌다.
혐오,나는 하루 종일 방에서 조용했다.
혐오,나는 집안일을 하지 않았고 시간을 보냈다.
혐오,나는 하루 종일 창문 밖을 바라보았다.
수치심,부끄러움 때문에 먹지 않고 잠들지 않는다.
수치심,"오늘날, 진정한 부끄러움 때문에 아무것도 손에 잡혀 있지 않습니다."
수치심,이 부끄러움이 계속되면 그것은 떨어질 것입니다.
수치심,나는 너무 부끄러워서 사람들을 만나는 것을 좋아하지 않는다.
수치심,나는 병원에 가는 것에 너무 화가 났다.
수치심,그것은 부끄러움 때문에 웃는 것이 이상했습니다.
수치심,오랫동안 그런 부끄러움을 느끼는 것은 처음이었습니다.
수치심,"그것은 부끄럽고 부끄러운, 그리고 그것은 지금 만지지 않습니다."
수치심,부끄러움이 내 인생 전체를 좁히고 있다.
수치심,"나는 부끄러움을 극복하고 싶지만, 그것은 쉽지 않다."
수치심,집중하지 않고 어리석은
수치심,그것은 눈물의 날과 같았다.
수치심,하루 종일 기분이 좋지 않았다.
수치심,어렵고 피곤한 이유가 없었다.
수치심,왜 그런지 모르겠지만 힘들다.
수치심,"혼자있을 때, 불행을 제거하십시오."
수치심,"내가 말했을 때, 내 마음은 텅 비어 있었다."
수치심,당신의 마음은 복잡하고 복잡합니다.
수치심,아무도 아무 말도 하지 않았지만 나는 바보였다.
수치심,"그것은 일어나지 않지만, 나는 여전히 죽고있다."
수치심,나는 심지어 샤워를 하지 않았다.
수치심,오늘은 아무것도 하지 않고 침대에 누워있었습니다.
수치심,나는 앉아서 지붕을 바라보는 시간을 보냈다.
수치심,나는 집안일을 하지 않았고 시간을 보냈다.
수치심,나는 내 친구에게 대답할 수 없었다.
수치심,나는 바보였고 그냥 바보였다.
수치심,나는 하루 종일 방에서 조용했다.
수치심,나는 휴대폰을 보면서 시간을 보냈다.
수치심,거울 속에서 이상하게 느껴졌다.
수치심,나는 하루 종일 창문 밖을 바라보았다.
자기혐오,"무슨 일이 일어나든, 당신의 증오는 사라지지 않습니다."
자기혐오,나는 나 자신을 너무 싫어해서 그렇게 할 수 없다.
자기혐오,"사람들은 모른다, 나는 정말로 나 자신을 싫어한다."
자기혐오,나는 하루 종일 싫어했다.
자기혐오,오늘날 진정한 증오로 인해 아무것도 손에 들지 않는다.
자기혐오,"당신은 당신의 증오 때문에 먹지 않고, 당신은 잠들지 않습니다."
자기혐오,미움 때문에 웃는 것은 이상한 일이었다.
자기혐오,"그것은 좋은 것처럼 보이지만, 그것은 완전히 자기 증오입니다."
자기혐오,그것은 단지 혐오스러운 날이었고 특별한 것이 없었습니다.
자기혐오,"이 증오가 계속된다면, 그것은 떨어질 것이다."
자기혐오,왜 그런지 모르겠지만 힘들다.
자기혐오,"그것은 일어나지 않지만, 나는 여전히 죽고있다."
자기혐오,집중하지 않고 어리석은
자기혐오,그것은 눈물의 날과 같았다.
자기혐오,당신의 마음은 복잡하고 복잡합니다.
자기혐오,어렵고 피곤한 이유가 없었다.
자기혐오,"혼자있을 때, 불행을 제거하십시오."
자기혐오,하루 종일 기분이 좋지 않았다.
자기혐오,아무도 아무 말도 하지 않았지만 나는 바보였다.
자기혐오,"내가 말했을 때, 내 마음은 텅 비어 있었다."
자기혐오,나는 하루 종일 창문 밖을 바라보았다.
자기혐오,나는 심지어 샤워를 하지 않았다.
자기혐오,나는 집안일을 하지 않았고 시간을 보냈다.
자기혐오,거울 속에서 이상하게 느껴졌다.
자기혐오,나는 내 친구에게 대답할 수 없었다.
자기혐오,오늘은 아무것도 하지 않고 침대에 누워있었습니다.
자기혐오,나는 휴대폰을 보면서 시간을 보냈다.
자기혐오,나는 앉아서 지붕을 바라보는 시간을 보냈다.
자기혐오,나는 바보였고 그냥 바보였다.
자기혐오,나는 하루 종일 방에서 조용했다.
자책,"나는 말하지 않았다, 그러나 나는 계속 자신을 비난했다."
자책,나는 병원에 가야 할 정도로 슬프다.
자책,나는 죄책감을 표현하는 방법을 모른다.
자책,나의 잘못 때문에 웃는 것이 이상했다.
자책,그는 여전히 죄책감을 느낀다.
자책,그는 괜찮다고 말하고 계속해서 죄책감을 느낀다.
자책,"그것은 좋은 것처럼 보이지만, 그것은 완전히 잘못입니다."
자책,나는 스스로를 극복하고 싶지만 쉽지 않다.
자책,나는 고통을 겪고 아무 말도 하지 않는다.
자책,"솔직히 말하자면, 나는 나 자신에게 힘들다."
자책,그것은 눈물의 날과 같았다.
자책,하루 종일 기분이 좋지 않았다.
자책,어렵고 피곤한 이유가 없었다.
자책,당신의 마음은 복잡하고 복잡합니다.
자책,"내가 말했을 때, 내 마음은 텅 비어 있었다."
자책,"그것은 일어나지 않지만, 나는 여전히 죽고있다."
자책,왜 그런지 모르겠지만 힘들다.
자책,"혼자있을 때, 불행을 제거하십시오."
자책,집중하지 않고 어리석은
자책,아무도 아무 말도 하지 않았지만 나는 바보였다.
자책,나는 휴대폰을 보면서 시간을 보냈다.
자책,나는 심지어 샤워를 하지 않았다.
자책,나는 내 친구에게 대답할 수 없었다.
자책,나는 집안일을 하지 않았고 시간을 보냈다.
자책,나는 하루 종일 방에서 조용했다.
자책,거울 속에서 이상하게 느껴졌다.
자책,나는 바보였고 그냥 바보였다.
자책,나는 하루 종일 창문 밖을 바라보았다.
자책,나는 앉아서 지붕을 바라보는 시간을 보냈다.
자책,오늘은 아무것도 하지 않고 침대에 누워있었습니다.
초조함,너무 힘들어서 일할 수 없어요.
초조함,나는 내가 병원에 가야한다는 것을 너무 걱정한다.
초조함,음식도 없고 잠도 없다.
초조함,나는 하루 종일 생각했다.
초조함,왜 그렇게 짜증나는지 모르겠다.
초조함,"이 유혹이 계속된다면, 그것은 떨어질 것이다."
초조함,깨어있는 것 때문에 웃는 것이 이상했습니다.
초조함,나는 승리하고 싶지만 쉽지 않다.
초조함,"나는 말없이 울고있다, 아마도 편견 때문에."
초조함,잠을 자고 깨어나는 것은 똑같다.
초조함,"그것은 일어나지 않지만, 나는 여전히 죽고있다."
초조함,그것은 눈물의 날과 같았다.
초조함,집중하지 않고 어리석은
초조함,왜 그런지 모르겠지만 힘들다.
초조함,하루 종일 기분이 좋지 않았다.
초조함,어렵고 피곤한 이유가 없었다.
초조함,"내가 말했을 때, 내 마음은 텅 비어 있었다."
초조함,아무도 아무 말도 하지 않았지만 나는 바보였다.
초조함,"혼자있을 때, 불행을 제거하십시오."
초조함,당신의 마음은 복잡하고 복잡합니다.
초조함,거울 속에서 이상하게 느껴졌다.
초조함,나는 심지어 샤워를 하지 않았다.
초조함,나는 하루 종일 방에서 조용했다.
초조함,나는 내 친구에게 대답할 수 없었다.
초조함,나는 집안일을 하지 않았고 시간을 보냈다.
초조함,나는 휴대폰을 보면서 시간을 보냈다.
초조함,오늘은 아무것도 하지 않고 침대에 누워있었습니다.
초조함,나는 하루 종일 창문 밖을 바라보았다.
초조함,나는 앉아서 지붕을 바라보는 시간을 보냈다.
초조함,나는 바보였고 그냥 바보였다.
피곤함,매우 피곤한 날이었고 특별한 일이 없었습니다.
피곤함,잘 보이지만 너무 피곤해 보입니다.
피곤함,왜 너무 피곤했는지 모르겠다.
피곤함,"솔직히 말하자면, 지금은 너무 피곤해요."
피곤함,그는 괜찮다고 말하지만 아직도 피곤하다.
피곤함,잠을 자고 일어나는 것은 피곤하다.
피곤함,그는 계속 피곤하다고 느낀다.
피곤함,나는 정말로 나를 먹는 것에 지쳤다.
피곤함,처음으로 그렇게 피곤한 느낌이 들었다.
피곤함,"오늘날, 진정한 피로 때문에 아무것도 손에 들지 않습니다."
피곤함,집중하지 않고 어리석은
피곤함,어렵고 피곤한 이유가 없었다.
피곤함,"그것은 일어나지 않지만, 나는 여전히 죽고있다."
피곤함,왜 그런지 모르겠지만 힘들다.
피곤함,그것은 눈물의 날과 같았다.
피곤함,"내가 말했을 때, 내 마음은 텅 비어 있었다."
피곤함,당신의 마음은 복잡하고 복잡합니다.
피곤함,"혼자있을 때, 불행을 제거하십시오."
피곤함,아무도 아무 말도 하지 않았지만 나는 바보였다.
피곤함,하루 종일 기분이 좋지 않았다.
피곤함,나는 앉아서 지붕을 바라보는 시간을 보냈다.
피곤함,나는 집안일을 하지 않았고 시간을 보냈다.
피곤함,나는 바보였고 그냥 바보였다.
피곤함,거울 속에서 이상하게 느껴졌다.
피곤함,오늘은 아무것도 하지 않고 침대에 누워있었습니다.
피곤함,나는 하루 종일 방에서 조용했다.
피곤함,나는 심지어 샤워를 하지 않았다.
피곤함,나는 내 친구에게 대답할 수 없었다.
피곤함,나는 하루 종일 창문 밖을 바라보았다.
피곤함,나는 휴대폰을 보면서 시간을 보냈다.
지침,지침은 너무 힘들어서 작동할 수 없습니다.
지침,진짜 지시가 나를 먹는 것처럼 느껴집니다.
지침,잠을 자고 일어나는 것은 지침입니다.
지침,나는 이것이 지금 지시가 되기를 원한다.
지침,지침에 따라 계속 느껴집니다.
지침,지침은 너무 힘들어서 사람들을 만나는 것을 좋아하지 않는다.
지침,"오늘날, 실제 지침 때문에 손에 아무것도 잡혀 있지 않습니다."
지침,음식을 먹지 않고 잠을 자지 않기 때문에 지시 사항이 없습니다.
지침,"무슨 일이 일어날지라도, 지침은 사라지지 않습니다."
지침,때때로 나는 지시없이 살고 싶다고 생각한다.
지침,하루 종일 기분이 좋지 않았다.
지침,"그것은 일어나지 않지만, 나는 여전히 죽고있다."
지침,아무도 아무 말도 하지 않았지만 나는 바보였다.
지침,어렵고 피곤한 이유가 없었다.
지침,왜 그런지 모르겠지만 힘들다.
지침,"내가 말했을 때, 내 마음은 텅 비어 있었다."
지침,당신의 마음은 복잡하고 복잡합니다.
지침,그것은 눈물의 날과 같았다.
지침,집중하지 않고 어리석은
지침,"혼자있을 때, 불행을 제거하십시오."
지침,나는 앉아서 지붕을 바라보는 시간을 보냈다.
지침,나는 하루 종일 창문 밖을 바라보았다.
지침,거울 속에서 이상하게 느껴졌다.
지침,나는 휴대폰을 보면서 시간을 보냈다.
지침,나는 하루 종일 방에서 조용했다.
지침,나는 바보였고 그냥 바보였다.
지침,오늘은 아무것도 하지 않고 침대에 누워있었습니다.
지침,나는 심지어 샤워를 하지 않았다.
지침,나는 집안일을 하지 않았고 시간을 보냈다.
지침,나는 내 친구에게 대답할 수 없었다.
허탈감,잠을 자고 깨어나는 것은 똑같다.
허탈감,"사람들은 모른다, 나는 정말로 실망했다."
허탈감,나는 패배하고 싶지만 쉽지 않다.
허탈감,나는 그것을 말하지 않았지만 계속 내려갔다.
허탈감,때때로 나는 실망없이 살고 싶다고 생각한다.
허탈감,나는 요즘 병원에 가서 너무 곤경에 빠져있다.
허탈감,"그것은 너무 나쁘다, 나는 사람들을 만나는 것을 좋아하지 않는다."
허탈감,"오늘날, 진정한 실망으로 인해 아무것도 손에 들지 않습니다."
허탈감,나는 하루 종일 좌절하고 우울하다고 느꼈다.
허탈감,나는 고통을 겪고 아무 말도 하지 않는다.
허탈감,그것은 눈물의 날과 같았다.
허탈감,"혼자있을 때, 불행을 제거하십시오."
허탈감,어렵고 피곤한 이유가 없었다.
허탈감,집중하지 않고 어리석은
허탈감,"그것은 일어나지 않지만, 나는 여전히 죽고있다."
허탈감,아무도 아무 말도 하지 않았지만 나는 바보였다.
허탈감,하루 종일 기분이 좋지 않았다.
허탈감,당신의 마음은 복잡하고 복잡합니다.
허탈감,"내가 말했을 때, 내 마음은 텅 비어 있었다."
허탈감,왜 그런지 모르겠지만 힘들다.
허탈감,나는 앉아서 지붕을 바라보는 시간을 보냈다.
허탈감,나는 휴대폰을 보면서 시간을 보냈다.
허탈감,오늘은 아무것도 하지 않고 침대에 누워있었습니다.
허탈감,나는 하루 종일 방에서 조용했다.
허탈감,나는 하루 종일 창문 밖을 바라보았다.
허탈감,나는 바보였고 그냥 바보였다.
허탈감,거울 속에서 이상하게 느껴졌다.
허탈감,나는 심지어 샤워를 하지 않았다.
허탈감,나는 내 친구에게 대답할 수 없었다.
허탈감,나는 집안일을 하지 않았고 시간을 보냈다.
혼란,"혼란이 커졌고, 지금은 견딜 수 없는 것처럼 보입니다."
혼란,그것은 정말로 나를 혼란스럽게 느낀다.
혼란,혼란을 어떻게 표현할지 모르겠다.
혼란,그는 괜찮다고 말하지만 여전히 혼란을 겪고 있습니다.
혼란,나는 오랫동안 그런 혼란을 느끼는 것은 처음이었다.
혼란,나는 혼란스럽고 아무 말도 하고 싶지 않다.
혼란,"이 혼란이 계속된다면, 그것은 떨어질 것이다."
혼란,"솔직히 말하자면, 나는 지금 곤경에 처해 있다."
혼란,무슨 일이 일어나든 혼란은 사라지지 않는다.
혼란,"오늘날, 진정한 혼란 때문에 아무것도 손에 들지 않습니다."
혼란,아무도 아무 말도 하지 않았지만 나는 바보였다.
혼란,집중하지 않고 어리석은
혼란,하루 종일 기분이 좋지 않았다.
혼란,"내가 말했을 때, 내 마음은 텅 비어 있었다."
혼란,왜 그런지 모르겠지만 힘들다.
혼란,그것은 눈물의 날과 같았다.
혼란,"혼자있을 때, 불행을 제거하십시오."
혼란,"그것은 일어나지 않지만, 나는 여전히 죽고있다."
혼란,당신의 마음은 복잡하고 복잡합니다.
혼란,어렵고 피곤한 이유가 없었다.
혼란,나는 하루 종일 창문 밖을 바라보았다.
혼란,나는 내 친구에게 대답할 수 없었다.
혼란,나는 휴대폰을 보면서 시간을 보냈다.
혼란,나는 하루 종일 방에서 조용했다.
혼란,나는 집안일을 하지 않았고 시간을 보냈다.
혼란,나는 바보였고 그냥 바보였다.
혼란,나는 심지어 샤워를 하지 않았다.
혼란,거울 속에서 이상하게 느껴졌다.
혼란,나는 앉아서 지붕을 바라보는 시간을 보냈다.
혼란,오늘은 아무것도 하지 않고 침대에 누워있었습니다.
당황,나는 오랫동안 그런 불안감을 느끼는 것은 처음이다.
당황,"솔직히 말하자면, 지금은 곤경에 빠져 있습니다."
당황,"그것은 잘 보이지만, 그것은 완전히 실망합니다."
당황,"사람들은 모른다, 나는 정말로 곤경에 빠졌다."
당황,나는 지금 이 문제를 걱정하고 싶다.
당황,나는 어려움을 극복하고 싶지만 쉽지 않다.
당황,나는 하루 종일 곤경에 빠졌다.
당황,때때로 나는 곤경 없이 살고 싶다.
당황,나의 문제는 내 인생 전체를 좁히고 있다.
당황,"이 장애가 계속된다면, 그것은 떨어질 것입니다."
당황,하루 종일 기분이 좋지 않았다.
당황,그것은 눈물의 날과 같았다.
당황,왜 그런지 모르겠지만 힘들다.
당황,"내가 말했을 때, 내 마음은 텅 비어 있었다."
당황,당신의 마음은 복잡하고 복잡합니다.
당황,"그것은 일어나지 않지만, 나는 여전히 죽고있다."
당황,어렵고 피곤한 이유가 없었다.
당황,집중하지 않고 어리석은
당황,"혼자있을 때, 불행을 제거하십시오."
당황,아무도 아무 말도 하지 않았지만 나는 바보였다.
당황,나는 심지어 샤워를 하지 않았다.
당황,나는 앉아서 지붕을 바라보는 시간을 보냈다.
당황,나는 하루 종일 방에서 조용했다.
당황,나는 내 친구에게 대답할 수 없었다.
당황,나는 바보였고 그냥 바보였다.
당황,나는 집안일을 하지 않았고 시간을 보냈다.
당황,거울 속에서 이상하게 느껴졌다.
당황,나는 휴대폰을 보면서 시간을 보냈다.
당황,나는 하루 종일 창문 밖을 바라보았다.
당황,오늘은 아무것도 하지 않고 침대에 누워있었습니다.
상실감,정말 나를 잃는 것처럼 느껴졌다.
상실감,손실 때문에 음식이나 잠이 없습니다.
상실감,그것은 좋은 것처럼 보이지만 완전히 잃어버린 것처럼 보입니다.
상실감,"나는 말하지 않았다, 그러나 나는 여전히 잃고 있었다."
상실감,"사람들은 모른다, 나는 정말로 잃고있다."
상실감,"나는 너무 나쁘게 느끼고, 사람들을 만나는 것을 좋아하지 않는다."
상실감,나는 손실을 극복하고 싶지만 쉽지 않다.
상실감,잃어버린 것 때문에 웃는 것은 이상한 일이었다.
상실감,나는 하루 종일 손실을 생각했다.
상실감,"나는 그것이 잃어버리고 잃어버렸다고 생각하고, 지금은 견딜 수 없다고 생각한다."
상실감,어렵고 피곤한 이유가 없었다.
상실감,"혼자있을 때, 불행을 제거하십시오."
상실감,"그것은 일어나지 않지만, 나는 여전히 죽고있다."
상실감,왜 그런지 모르겠지만 힘들다.
상실감,"내가 말했을 때, 내 마음은 텅 비어 있었다."
상실감,하루 종일 기분이 좋지 않았다.
상실감,집중하지 않고 어리석은
상실감,그것은 눈물의 날과 같았다.
상실감,당신의 마음은 복잡하고 복잡합니다.
상실감,아무도 아무 말도 하지 않았지만 나는 바보였다.
상실감,나는 휴대폰을 보면서 시간을 보냈다.
상실감,나는 하루 종일 방에서 조용했다.
상실감,나는 심지어 샤워를 하지 않았다.
상실감,나는 앉아서 지붕을 바라보는 시간을 보냈다.
상실감,나는 하루 종일 창문 밖을 바라보았다.
상실감,나는 집안일을 하지 않았고 시간을 보냈다.
상실감,거울 속에서 이상하게 느껴졌다.
상실감,나는 바보였고 그냥 바보였다.
상실감,오늘은 아무것도 하지 않고 침대에 누워있었습니다.
상실감,나는 내 친구에게 대답할 수 없었다.
소외감,"나는 말하지 않았다, 그러나 나는 여전히 마음이 없었다."
소외감,"사람들은 모른다, 나는 정말로 무의미하다."
소외감,나는 하루 종일 외부와 우울함을 느꼈다.
소외감,나는 하루 종일 흥분을 생각했다.
소외감,정말 밖으로 먹는 것처럼 느껴진다.
소외감,이렇게 오랫동안 그런 느낌을 느끼는 것은 처음이다.
소외감,"만약 당신이 바보라면, 밖으로 나가라."
소외감,예외는 내가 할 수 없을 정도로 어렵다.
소외감,"그것은 너무 나쁘다, 나는 사람들을 만나는 것을 좋아하지 않는다."
소외감,"솔직히 말하자면, 지금은 흥분 때문에 힘들다."
소외감,"내가 말했을 때, 내 마음은 텅 비어 있었다."
소외감,하루 종일 기분이 좋지 않았다.
소외감,"그것은 일어나지 않지만, 나는 여전히 죽고있다."
소외감,어렵고 피곤한 이유가 없었다.
소외감,그것은 눈물의 날과 같았다.
소외감,집중하지 않고 어리석은
소외감,당신의 마음은 복잡하고 복잡합니다.
소외감,"혼자있을 때, 불행을 제거하십시오."
소외감,아무도 아무 말도 하지 않았지만 나는 바보였다.
소외감,왜 그런지 모르겠지만 힘들다.
소외감,나는 심지어 샤워를 하지 않았다.
소외감,나는 하루 종일 창문 밖을 바라보았다.
소외감,거울 속에서 이상하게 느껴졌다.
소외감,나는 집안일을 하지 않았고 시간을 보냈다.
소외감,나는 바보였고 그냥 바보였다.
소외감,나는 내 친구에게 대답할 수 없었다.
소외감,나는 앉아서 지붕을 바라보는 시간을 보냈다.
소외감,오늘은 아무것도 하지 않고 침대에 누워있었습니다.
소외감,나는 휴대폰을 보면서 시간을 보냈다.
소외감,나는 하루 종일 방에서 조용했다.
혼동,"나는 혼란스럽고 혼란스럽고, 지금은 닿지 않는다."
혼동,나는 하루 종일 혼란스러웠다.
혼동,나는 혼란을 극복하고 싶지만 쉽지 않다.
혼동,"나는 울지 않는다, 그것은 아마도 혼란 때문입니다."
혼동,혼란은 내 인생 전체를 좁히고 있다.
혼동,당신이 바보라면 혼란을 밀어 넣으십시오.
혼동,나는 너무 혼란스러워서 병원에 갔다.
혼동,혼란 때문에 웃는 것이 이상했습니다.
혼동,그는 괜찮다고 말하지만 여전히 혼란을 겪고 있습니다.
혼동,나는 말하지 않았지만 여전히 혼란스러웠다.
혼동,왜 그런지 모르겠지만 힘들다.
혼동,어렵고 피곤한 이유가 없었다.
혼동,"그것은 일어나지 않지만, 나는 여전히 죽고있다."
혼동,아무도 아무 말도 하지 않았지만 나는 바보였다.
혼동,하루 종일 기분이 좋지 않았다.
혼동,"내가 말했을 때, 내 마음은 텅 비어 있었다."
혼동,집중하지 않고 어리석은
혼동,당신의 마음은 복잡하고 복잡합니다.
혼동,그것은 눈물의 날과 같았다.
혼동,"혼자있을 때, 불행을 제거하십시오."
혼동,나는 집안일을 하지 않았고 시간을 보냈다.
혼동,나는 하루 종일 창문 밖을 바라보았다.
혼동,나는 휴대폰을 보면서 시간을 보냈다.
혼동,오늘은 아무것도 하지 않고 침대에 누워있었습니다.
혼동,거울 속에서 이상하게 느껴졌다.
혼동,나는 심지어 샤워를 하지 않았다.
혼동,나는 앉아서 지붕을 바라보는 시간을 보냈다.
혼동,나는 내 친구에게 대답할 수 없었다.
혼동,나는 하루 종일 방에서 조용했다.
혼동,나는 바보였고 그냥 바보였다.
감정과부하,나는 너무 감정적이어서 사람들을 만나는 것을 좋아하지 않는다.
감정과부하,나는 하루 종일 감정에 대해 생각했다.
감정과부하,당신이 바보라면 감정을 밀어 넣으십시오.
감정과부하,"나는 울고있다, 아마도 내 감정 때문에."
감정과부하,"그것은 좋은 것처럼 보이지만, 그것은 완전히 감정적입니다."
감정과부하,감정 때문에 웃는 것이 이상했습니다.
감정과부하,"사람들은 모른다, 나는 정말로 느낀다."
감정과부하,"오늘날, 진정한 감정 때문에 아무것도 손에 들지 않습니다."
감정과부하,"나는 너무 민감하다, 나는 병원에 갈 것이다."
감정과부하,나는 고통을 겪고 아무 말도 하지 않는다.
감정과부하,어렵고 피곤한 이유가 없었다.
감정과부하,그것은 눈물의 날과 같았다.
감정과부하,집중하지 않고 어리석은
감정과부하,왜 그런지 모르겠지만 힘들다.
감정과부하,"내가 말했을 때, 내 마음은 텅 비어 있었다."
감정과부하,당신의 마음은 복잡하고 복잡합니다.
감정과부하,아무도 아무 말도 하지 않았지만 나는 바보였다.
감정과부하,하루 종일 기분이 좋지 않았다.
감정과부하,"혼자있을 때, 불행을 제거하십시오."
감정과부하,"그것은 일어나지 않지만, 나는 여전히 죽고있다."
감정과부하,나는 앉아서 지붕을 바라보는 시간을 보냈다.
감정과부하,나는 집안일을 하지 않았고 시간을 보냈다.
감정과부하,나는 심지어 샤워를 하지 않았다.
감정과부하,나는 내 친구에게 대답할 수 없었다.
감정과부하,오늘은 아무것도 하지 않고 침대에 누워있었습니다.
감정과부하,나는 바보였고 그냥 바보였다.
감정과부하,거울 속에서 이상하게 느껴졌다.
감정과부하,나는 하루 종일 창문 밖을 바라보았다.
감정과부하,나는 하루 종일 방에서 조용했다.
감정과부하,나는 휴대폰을 보면서 시간을 보냈다.
감정억제,"나는 말하지 않았다, 그러나 나는 여전히 느꼈다."
감정억제,"솔직히 말하자면, 나는 감정 때문에 지금 힘들다."
감정억제,나는 감정을 표현하는 방법을 모른다.
감정억제,나는 하루 종일 우울하고 우울하다고 느꼈다.
감정억제,"나는 너무 민감하다, 나는 병원에 갈 것이다."
감정억제,이렇게 오랫동안 그런 느낌을 느끼는 것은 처음이었습니다.
감정억제,감정 때문에 웃는 것이 이상했습니다.
감정억제,감정은 너무 힘들어서 일할 수 없습니다.
감정억제,"감정은 과장되고 있으며, 이제는 과장 된 것처럼 보입니다."
감정억제,"이러한 감정이 계속되면, 그들은 떨어질 것입니다."
감정억제,"그것은 일어나지 않지만, 나는 여전히 죽고있다."
감정억제,"내가 말했을 때, 내 마음은 텅 비어 있었다."
감정억제,집중하지 않고 어리석은
감정억제,왜 그런지 모르겠지만 힘들다.
감정억제,당신의 마음은 복잡하고 복잡합니다.
감정억제,어렵고 피곤한 이유가 없었다.
감정억제,아무도 아무 말도 하지 않았지만 나는 바보였다.
감정억제,그것은 눈물의 날과 같았다.
감정억제,"혼자있을 때, 불행을 제거하십시오."
감정억제,하루 종일 기분이 좋지 않았다.
감정억제,나는 내 친구에게 대답할 수 없었다.
감정억제,나는 심지어 샤워를 하지 않았다.
감정억제,나는 집안일을 하지 않았고 시간을 보냈다.
감정억제,나는 바보였고 그냥 바보였다.
감정억제,나는 앉아서 지붕을 바라보는 시간을 보냈다.
감정억제,거울 속에서 이상하게 느껴졌다.
감정억제,나는 하루 종일 방에서 조용했다.
감정억제,나는 하루 종일 창문 밖을 바라보았다.
감정억제,나는 휴대폰을 보면서 시간을 보냈다.
감정억제,오늘은 아무것도 하지 않고 침대에 누워있었습니다.
피하고 싶음,"무슨 일이 일어나든, 피하려는 욕망은 사라지지 않는다."
피하고 싶음,나는 내 인생 전체를 피하고 싶다.
피하고 싶음,나는 정말로 그것을 피하고 싶다고 느낀다.
피하고 싶음,그것은 피하기 어렵고 나는 아무것도 할 수 없습니다.
피하고 싶음,나는 하루 종일 실망하고 우울하다고 느꼈다.
피하고 싶음,나는 당신이 피하고 싶은 느낌을 표현하는 방법을 모른다.
피하고 싶음,"나는 내가 피하고 싶은 것을 극복하고 싶지만, 그것은 쉽지 않다."
피하고 싶음,요즘 병원에 가는 게 너무 죄송합니다.
피하고 싶음,"그것은 내가 피하고 싶었던 하루였고, 특별한 것은 없었다."
피하고 싶음,당신은 잠을 자고 일어나고 그것을 피하고 싶어합니다.
피하고 싶음,당신의 마음은 복잡하고 복잡합니다.
피하고 싶음,집중하지 않고 어리석은
피하고 싶음,하루 종일 기분이 좋지 않았다.
피하고 싶음,아무도 아무 말도 하지 않았지만 나는 바보였다.
피하고 싶음,"혼자있을 때, 불행을 제거하십시오."
피하고 싶음,그것은 눈물의 날과 같았다.
피하고 싶음,왜 그런지 모르겠지만 힘들다.
피하고 싶음,"내가 말했을 때, 내 마음은 텅 비어 있었다."
피하고 싶음,"그것은 일어나지 않지만, 나는 여전히 죽고있다."
피하고 싶음,어렵고 피곤한 이유가 없었다.
피하고 싶음,나는 심지어 샤워를 하지 않았다.
피하고 싶음,오늘은 아무것도 하지 않고 침대에 누워있었습니다.
피하고 싶음,나는 하루 종일 방에서 조용했다.
피하고 싶음,거울 속에서 이상하게 느껴졌다.
피하고 싶음,나는 앉아서 지붕을 바라보는 시간을 보냈다.
피하고 싶음,나는 바보였고 그냥 바보였다.
피하고 싶음,나는 하루 종일 창문 밖을 바라보았다.
피하고 싶음,나는 휴대폰을 보면서 시간을 보냈다.
피하고 싶음,나는 집안일을 하지 않았고 시간을 보냈다.
피하고 싶음,나는 내 친구에게 대답할 수 없었다.
민망함,나는 너무 부끄러워서 사람들을 만나는 것을 좋아하지 않는다.
민망함,나는 부끄러움의 감정을 표현하는 방법을 모른다.
민망함,"그것이 좋은 것처럼 보이더라도, 그것은 완전히 불쾌합니다."
민망함,"솔직히 말하자면, 나는 부끄러워하기 어렵다."
민망함,나는 고통을 겪고 아무 말도 하지 않는다.
민망함,"나는 겸손을 극복하고 싶지만, 그것은 쉽지 않다."
민망함,오랫동안 이런 분노를 느끼는 것은 처음이었습니다.
민망함,왜 그렇게 부끄러워하는지 모르겠다.
민망함,분노 때문에 음식을 먹지 않고 잠을 자지 않는다.
민망함,나는 너무 부끄러워서 아무것도 할 수 없다.
민망함,아무도 아무 말도 하지 않았지만 나는 바보였다.
민망함,당신의 마음은 복잡하고 복잡합니다.
민망함,왜 그런지 모르겠지만 힘들다.
민망함,집중하지 않고 어리석은
민망함,어렵고 피곤한 이유가 없었다.
민망함,"그것은 일어나지 않지만, 나는 여전히 죽고있다."
민망함,"혼자있을 때, 불행을 제거하십시오."
민망함,그것은 눈물의 날과 같았다.
민망함,"내가 말했을 때, 내 마음은 텅 비어 있었다."
민망함,하루 종일 기분이 좋지 않았다.
민망함,오늘은 아무것도 하지 않고 침대에 누워있었습니다.
민망함,나는 바보였고 그냥 바보였다.
민망함,나는 앉아서 지붕을 바라보는 시간을 보냈다.
민망함,거울 속에서 이상하게 느껴졌다.
민망함,나는 하루 종일 창문 밖을 바라보았다.
민망함,나는 하루 종일 방에서 조용했다.
민망함,나는 내 친구에게 대답할 수 없었다.
민망함,나는 심지어 샤워를 하지 않았다.
민망함,나는 집안일을 하지 않았고 시간을 보냈다.
민망함,나는 휴대폰을 보면서 시간을 보냈다.
배신감,"솔직히 말하자면, 나는 배신에 힘들다."
배신감,때때로 나는 배신 없이 살고 싶다고 생각한다.
배신감,"무슨 일이 일어나든, 배신은 사라지지 않는다."
배신감,그것은 계속 훈련되고 있습니다.
배신감,배신의 느낌을 어떻게 표현할지 모르겠다.
배신감,배신으로 인해 음식도 없고 잠도 없습니다.
배신감,나는 너무 혼란스러워서 사람들을 만나는 것을 좋아하지 않는다.
배신감,특징은 너무 힘들어서 저도 할 수 없습니다.
배신감,나의 배신은 전부 나에게 달려있다.
배신감,그것은 좋은 것처럼 보이지만 완전한 배신입니다.
배신감,아무도 아무 말도 하지 않았지만 나는 바보였다.
배신감,집중하지 않고 어리석은
배신감,"혼자있을 때, 불행을 제거하십시오."
배신감,하루 종일 기분이 좋지 않았다.
배신감,왜 그런지 모르겠지만 힘들다.
배신감,"그것은 일어나지 않지만, 나는 여전히 죽고있다."
배신감,그것은 눈물의 날과 같았다.
배신감,어렵고 피곤한 이유가 없었다.
배신감,당신의 마음은 복잡하고 복잡합니다.
배신감,"내가 말했을 때, 내 마음은 텅 비어 있었다."
배신감,나는 내 친구에게 대답할 수 없었다.
배신감,나는 앉아서 지붕을 바라보는 시간을 보냈다.
배신감,나는 바보였고 그냥 바보였다.
배신감,나는 집안일을 하지 않았고 시간을 보냈다.
배신감,나는 휴대폰을 보면서 시간을 보냈다.
배신감,오늘은 아무것도 하지 않고 침대에 누워있었습니다.
배신감,거울 속에서 이상하게 느껴졌다.
배신감,나는 하루 종일 창문 밖을 바라보았다.
배신감,나는 심지어 샤워를 하지 않았다.
배신감,나는 하루 종일 방에서 조용했다.
무의욕,"당신이 어리석은 경우에, 욕망을 밀어."
무의욕,불확실성은 내 인생 전체를 단축시킨다.
무의욕,잠을 자고 깨어나는 것은 원치 않는 일이다.
무의욕,나는 이것이 지금 원치 않는 것이 되기를 원한다.
무의욕,나는 실망의 감정을 표현하는 방법을 모른다.
무의욕,"오늘날, 진정한 욕망 때문에 아무것도 손에 잡혀 있지 않습니다."
무의욕,"나는 욕망을 극복하고 싶지만, 그것은 쉽지 않다."
무의욕,실망 때문에 웃는 것은 이상한 일이었다.
무의욕,"그것은 바람직하지 않은 날이었고, 특별한 것은 없었다."
무의욕,"사람들은 모른다, 나는 정말로 실망했다."
무의욕,아무도 아무 말도 하지 않았지만 나는 바보였다.
무의욕,왜 그런지 모르겠지만 힘들다.
무의욕,하루 종일 기분이 좋지 않았다.
무의욕,그것은 눈물의 날과 같았다.
무의욕,"혼자있을 때, 불행을 제거하십시오."
무의욕,집중하지 않고 어리석은
무의욕,"내가 말했을 때, 내 마음은 텅 비어 있었다."
무의욕,어렵고 피곤한 이유가 없었다.
무의욕,"그것은 일어나지 않지만, 나는 여전히 죽고있다."
무의욕,당신의 마음은 복잡하고 복잡합니다.
무의욕,나는 심지어 샤워를 하지 않았다.
무의욕,오늘은 아무것도 하지 않고 침대에 누워있었습니다.
무의욕,나는 집안일을 하지 않았고 시간을 보냈다.
무의욕,나는 하루 종일 방에서 조용했다.
무의욕,나는 하루 종일 창문 밖을 바라보았다.
무의욕,나는 휴대폰을 보면서 시간을 보냈다.
무의욕,나는 앉아서 지붕을 바라보는 시간을 보냈다.
무의욕,거울 속에서 이상하게 느껴졌다.
무의욕,나는 내 친구에게 대답할 수 없었다.
무의욕,나는 바보였고 그냥 바보였다.
무감정,나는 정말로 나를 먹는 것이 건강에 좋지 않다고 느낀다.
무감정,"나는 말하지 않았다, 그러나 나는 여전히 무감각했다."
무감정,왜 그렇게 민감한지 모르겠다.
무감정,"이 실망이 계속된다면, 그것은 떨어질 것이다."
무감정,"사람들은 모른다, 나는 정말로 불안하다."
무감정,무슨 일이 일어나든 감정은 사라지지 않는다.
무감정,그는 괜찮다고 말하지만 여전히 건강에 좋지 않습니다.
무감정,나는 감정을 표현하는 방법을 모른다.
무감정,나는 오랫동안 그런 무능력을 느끼는 것은 처음이다.
무감정,나는 지금 이 상황이 민감해지기를 바란다.
무감정,어렵고 피곤한 이유가 없었다.
무감정,"그것은 일어나지 않지만, 나는 여전히 죽고있다."
무감정,"내가 말했을 때, 내 마음은 텅 비어 있었다."
무감정,그것은 눈물의 날과 같았다.
무감정,"혼자있을 때, 불행을 제거하십시오."
무감정,왜 그런지 모르겠지만 힘들다.
무감정,아무도 아무 말도 하지 않았지만 나는 바보였다.
무감정,집중하지 않고 어리석은
무감정,하루 종일 기분이 좋지 않았다.
무감정,당신의 마음은 복잡하고 복잡합니다.
무감정,나는 집안일을 하지 않았고 시간을 보냈다.
무감정,나는 앉아서 지붕을 바라보는 시간을 보냈다.
무감정,나는 하루 종일 방에서 조용했다.
무감정,나는 내 친구에게 대답할 수 없었다.
무감정,나는 휴대폰을 보면서 시간을 보냈다.
무감정,나는 바보였고 그냥 바보였다.
무감정,나는 심지어 샤워를 하지 않았다.
무감정,거울 속에서 이상하게 느껴졌다.
무감정,나는 하루 종일 창문 밖을 바라보았다.
무감정,오늘은 아무것도 하지 않고 침대에 누워있었습니다.
무시당함,나는 하루 종일 무시되었다.
무시당함,나는 무지의 느낌을 표현하는 방법을 모른다.
무시당함,그것은 여전히 무시되고 있습니다.
무시당함,나는 이 상황을 무시하고 싶다.
무시당함,"그것은 잊을 수없는 날이었고, 특별한 것은 없었습니다."
무시당함,당신은 그것이 괜찮다고 말하지만 그것을 무시하십시오.
무시당함,그것은 무지 때문에 웃는 것이 이상했습니다.
무시당함,그것은 좋은 것처럼 보이지만 완전히 무시됩니다.
무시당함,"나는 말하지 않았다, 그러나 나는 여전히 무시되었다."
무시당함,"왜 그렇게 무지한지, 나는 모른다."
무시당함,왜 그런지 모르겠지만 힘들다.
무시당함,그것은 눈물의 날과 같았다.
무시당함,"그것은 일어나지 않지만, 나는 여전히 죽고있다."
무시당함,"혼자있을 때, 불행을 제거하십시오."
무시당함,하루 종일 기분이 좋지 않았다.
무시당함,어렵고 피곤한 이유가 없었다.
무시당함,"내가 말했을 때, 내 마음은 텅 비어 있었다."
무시당함,당신의 마음은 복잡하고 복잡합니다.
무시당함,아무도 아무 말도 하지 않았지만 나는 바보였다.
무시당함,집중하지 않고 어리석은
무시당함,나는 내 친구에게 대답할 수 없었다.
무시당함,오늘은 아무것도 하지 않고 침대에 누워있었습니다.
무시당함,나는 휴대폰을 보면서 시간을 보냈다.
무시당함,거울 속에서 이상하게 느껴졌다.
무시당함,나는 하루 종일 방에서 조용했다.
무시당함,나는 심지어 샤워를 하지 않았다.
무시당함,나는 집안일을 하지 않았고 시간을 보냈다.
무시당함,나는 바보였고 그냥 바보였다.
무시당함,나는 하루 종일 창문 밖을 바라보았다.
무시당함,나는 앉아서 지붕을 바라보는 시간을 보냈다.
감정 회피,나는 오랫동안 그런 느낌을 느끼는 것은 처음이다.
감정 회피,"나는 너무 나쁘게 느끼고, 나는 병원에 갈 것이다."
감정 회피,여전히 공허함을 느낀다.
감정 회피,"감정은 과장되고 있으며, 이제는 과장 된 것처럼 보입니다."
감정 회피,"그는 그것이 괜찮다고 말하지만, 그는 자신의 감정을 계속 유지합니다."
감정 회피,정말 감정이 나를 먹는 것처럼 느껴집니다.
감정 회피,나는 하루 종일 좌절하고 우울하다고 느꼈다.
감정 회피,"오늘날, 진정한 감정적 탈출으로 인해 손에 아무것도 잡혀 있지 않습니다."
감정 회피,감정은 너무 힘들어서 일할 수 없습니다.
감정 회피,"그것은 좋은 것처럼 보이지만, 그것은 완전히 감정적입니다."
감정 회피,하루 종일 기분이 좋지 않았다.
감정 회피,"그것은 일어나지 않지만, 나는 여전히 죽고있다."
감정 회피,아무도 아무 말도 하지 않았지만 나는 바보였다.
감정 회피,"혼자있을 때, 불행을 제거하십시오."
감정 회피,어렵고 피곤한 이유가 없었다.
감정 회피,왜 그런지 모르겠지만 힘들다.
감정 회피,당신의 마음은 복잡하고 복잡합니다.
감정 회피,그것은 눈물의 날과 같았다.
감정 회피,"내가 말했을 때, 내 마음은 텅 비어 있었다."
감정 회피,집중하지 않고 어리석은
감정 회피,나는 내 친구에게 대답할 수 없었다.
감정 회피,나는 심지어 샤워를 하지 않았다.
감정 회피,나는 앉아서 지붕을 바라보는 시간을 보냈다.
감정 회피,나는 바보였고 그냥 바보였다.
감정 회피,나는 휴대폰을 보면서 시간을 보냈다.
감정 회피,나는 하루 종일 창문 밖을 바라보았다.
감정 회피,나는 집안일을 하지 않았고 시간을 보냈다.
감정 회피,나는 하루 종일 방에서 조용했다.
감정 회피,오늘은 아무것도 하지 않고 침대에 누워있었습니다.
감정 회피,거울 속에서 이상하게 느껴졌다.
우울 혼합,"그는 괜찮다고 말하지만, 그는 여전히 우울증 혼합물을 따르고 있습니다."
우울 혼합,"나는 눈물에 대해 이야기하지 않습니다, 아마도 우울증 혼합으로 인해."
우울 혼합,"나는 말하지 않았다, 그러나 나는 끊임없이 우울했다."
우울 혼합,그는 혼합물에서 계속 우울하다고 느낀다.
우울 혼합,우울증의 혼합물은 너무 힘들어서 내가 할 수 없습니다.
우울 혼합,잠과 깨어있는 것은 우울증의 혼합물입니다.
우울 혼합,나는 하루 종일 우울증의 혼합물에 대해 생각했다.
우울 혼합,나는 너무 우울해 내가 병원에 갈 것이다.
우울 혼합,우울증의 혼합물이 과장되고 지금은 견딜 수없는 것처럼 보입니다.
우울 혼합,우울증의 혼합으로 인해 음식이나 잠이 없습니다.
우울 혼합,"그것은 일어나지 않지만, 나는 여전히 죽고있다."
우울 혼합,어렵고 피곤한 이유가 없었다.
우울 혼합,집중하지 않고 어리석은
우울 혼합,아무도 아무 말도 하지 않았지만 나는 바보였다.
우울 혼합,당신의 마음은 복잡하고 복잡합니다.
우울 혼합,"혼자있을 때, 불행을 제거하십시오."
우울 혼합,그것은 눈물의 날과 같았다.
우울 혼합,하루 종일 기분이 좋지 않았다.
우울 혼합,왜 그런지 모르겠지만 힘들다.
우울 혼합,"내가 말했을 때, 내 마음은 텅 비어 있었다."
우울 혼합,나는 앉아서 지붕을 바라보는 시간을 보냈다.
우울 혼합,나는 심지어 샤워를 하지 않았다.
우울 혼합,오늘은 아무것도 하지 않고 침대에 누워있었습니다.
우울 혼합,나는 하루 종일 창문 밖을 바라보았다.
우울 혼합,나는 바보였고 그냥 바보였다.
우울 혼합,나는 하루 종일 방에서 조용했다.
우울 혼합,나는 내 친구에게 대답할 수 없었다.
우울 혼합,거울 속에서 이상하게 느껴졌다.
우울 혼합,나는 집안일을 하지 않았고 시간을 보냈다.
우울 혼합,나는 휴대폰을 보면서 시간을 보냈다.
공허함,여전히 공허함을 느낀다.
공허함,무슨 일이 일어나든 공허함은 사라지지 않는다.
공허함,공허함이 너무 힘들어서 일할 수가 없습니다.
공허함,공허함은 늘어났고 지금은 닿지 않은 것처럼 보입니다.
공허함,"나는 공허함을 극복하고 싶지만, 그것은 쉽지 않다."
공허함,"당신이 바보라면, 공허함을 밀어 넣으십시오."
공허함,하루가 텅 비어 있었고 특별한 일이 없었다.
공허함,"나는 말하지 않았다, 그러나 나는 여전히 텅 비어 있었다."
공허함,나는 너무 텅 비어서 사람들을 만나는 것을 좋아하지 않는다.
공허함,왜 그렇게 텅 비어 있는지 모르겠다.
공허함,집중하지 않고 어리석은
공허함,왜 그런지 모르겠지만 힘들다.
공허함,하루 종일 기분이 좋지 않았다.
공허함,아무도 아무 말도 하지 않았지만 나는 바보였다.
공허함,"내가 말했을 때, 내 마음은 텅 비어 있었다."
공허함,"혼자있을 때, 불행을 제거하십시오."
공허함,어렵고 피곤한 이유가 없었다.
공허함,"그것은 일어나지 않지만, 나는 여전히 죽고있다."
공허함,그것은 눈물의 날과 같았다.
공허함,당신의 마음은 복잡하고 복잡합니다.
공허함,오늘은 아무것도 하지 않고 침대에 누워있었습니다.
공허함,나는 휴대폰을 보면서 시간을 보냈다.
공허함,나는 집안일을 하지 않았고 시간을 보냈다.
공허함,나는 내 친구에게 대답할 수 없었다.
공허함,나는 심지어 샤워를 하지 않았다.
공허함,거울 속에서 이상하게 느껴졌다.
공허함,나는 하루 종일 방에서 조용했다.
공허함,나는 바보였고 그냥 바보였다.
공허함,나는 앉아서 지붕을 바라보는 시간을 보냈다.
공허함,나는 하루 종일 창문 밖을 바라보았다.
절망감,실망에 웃는 것은 이상한 일이었다.
절망감,"절망은 끝났고, 지금은 견딜 수 없는 것처럼 보입니다."
절망감,나는 너무 절망적이어서 사람들을 만나는 것을 좋아하지 않는다.
절망감,왜 그렇게 절망적이었는지 모르겠다.
절망감,나는 절망을 극복하고 싶지만 쉽지 않다.
절망감,나는 너무 절망적이어서 아무것도 할 수 없다.
절망감,나는 실망의 느낌을 표현하는 방법을 모르겠다.
절망감,"오늘날, 진정한 절망 때문에 아무것도 손에 잡혀 있지 않습니다."
절망감,"그는 괜찮다고 말하지만, 그는 여전히 절망적이다."
절망감,나는 정말로 실망했다.
절망감,집중하지 않고 어리석은
절망감,어렵고 피곤한 이유가 없었다.
절망감,왜 그런지 모르겠지만 힘들다.
절망감,"내가 말했을 때, 내 마음은 텅 비어 있었다."
절망감,당신의 마음은 복잡하고 복잡합니다.
절망감,"혼자있을 때, 불행을 제거하십시오."
절망감,"그것은 일어나지 않지만, 나는 여전히 죽고있다."
절망감,하루 종일 기분이 좋지 않았다.
절망감,아무도 아무 말도 하지 않았지만 나는 바보였다.
절망감,그것은 눈물의 날과 같았다.
절망감,나는 하루 종일 방에서 조용했다.
절망감,나는 앉아서 지붕을 바라보는 시간을 보냈다.
절망감,나는 휴대폰을 보면서 시간을 보냈다.
절망감,나는 바보였고 그냥 바보였다.
절망감,나는 집안일을 하지 않았고 시간을 보냈다.
절망감,나는 심지어 샤워를 하지 않았다.
절망감,오늘은 아무것도 하지 않고 침대에 누워있었습니다.
절망감,나는 내 친구에게 대답할 수 없었다.
절망감,나는 하루 종일 창문 밖을 바라보았다.
절망감,거울 속에서 이상하게 느껴졌다.
통제불가,"그것은 잘 보이지만, 그것은 완전히 통제되지 않습니다."
통제불가,지금은 통제할 수 없는 상태가 되고 싶습니다.
통제불가,나는 하루 종일 통제되지 않고 우울하다고 느꼈다.
통제불가,당신이 바보라면 통제하십시오.
통제불가,"나는 그것이 과장되고 과장되고 있으며, 지금은 과장되고 있다고 생각합니다."
통제불가,통제로 인해 음식도 없고 잠도 없습니다.
통제불가,나는 통제를 극복하고 싶지만 쉽지 않다.
통제불가,"오늘날, 실제 통제로 인해 아무것도 손에 들지 않습니다."
통제불가,"사람들은 모른다, 나는 정말로 통제 할 수 없습니다."
통제불가,"솔직히 말하자면, 지금은 통제하기가 힘들다."
통제불가,"그것은 일어나지 않지만, 나는 여전히 죽고있다."
통제불가,당신의 마음은 복잡하고 복잡합니다.
통제불가,"내가 말했을 때, 내 마음은 텅 비어 있었다."
통제불가,하루 종일 기분이 좋지 않았다.
통제불가,집중하지 않고 어리석은
통제불가,아무도 아무 말도 하지 않았지만 나는 바보였다.
통제불가,왜 그런지 모르겠지만 힘들다.
통제불가,어렵고 피곤한 이유가 없었다.
통제불가,"혼자있을 때, 불행을 제거하십시오."
통제불가,그것은 눈물의 날과 같았다.
통제불가,나는 하루 종일 방에서 조용했다.
통제불가,나는 앉아서 지붕을 바라보는 시간을 보냈다.
통제불가,나는 휴대폰을 보면서 시간을 보냈다.
통제불가,나는 하루 종일 창문 밖을 바라보았다.
통제불가,나는 바보였고 그냥 바보였다.
통제불가,나는 집안일을 하지 않았고 시간을 보냈다.
통제불가,거울 속에서 이상하게 느껴졌다.
통제불가,나는 내 친구에게 대답할 수 없었다.
통제불가,나는 심지어 샤워를 하지 않았다.
통제불가,오늘은 아무것도 하지 않고 침대에 누워있었습니다.
감정 단절,나는 고통을 겪고 아무 말도 하지 않는다.
감정 단절,감정 때문에 먹지 않고 잠들지 않는다.
감정 단절,감정은 너무 힘들어서 일할 수 없습니다.
감정 단절,"감정은 과장되고 있으며, 이제는 과장 된 것처럼 보입니다."
감정 단절,이렇게 오랫동안 이런 감정적 붕괴를 느끼는 것은 처음이다.
감정 단절,"무슨 일이 일어나든, 감정은 사라지지 않습니다."
감정 단절,그것이 괜찮다고 말하지만 계속 붕괴를 느끼고 있습니다.
감정 단절,나는 하루 종일 좌절하고 우울하다고 느꼈다.
감정 단절,때때로 나는 감정 없이 살고 싶다고 생각한다.
감정 단절,"나는 눈물에 대해 이야기하지 않는다, 아마도 감정 때문에."
감정 단절,어렵고 피곤한 이유가 없었다.
감정 단절,아무도 아무 말도 하지 않았지만 나는 바보였다.
감정 단절,하루 종일 기분이 좋지 않았다.
감정 단절,"혼자있을 때, 불행을 제거하십시오."
감정 단절,왜 그런지 모르겠지만 힘들다.
감정 단절,"내가 말했을 때, 내 마음은 텅 비어 있었다."
감정 단절,당신의 마음은 복잡하고 복잡합니다.
감정 단절,그것은 눈물의 날과 같았다.
감정 단절,"그것은 일어나지 않지만, 나는 여전히 죽고있다."
감정 단절,집중하지 않고 어리석은
감정 단절,오늘은 아무것도 하지 않고 침대에 누워있었습니다.
감정 단절,거울 속에서 이상하게 느껴졌다.
감정 단절,나는 심지어 샤워를 하지 않았다.
감정 단절,나는 집안일을 하지 않았고 시간을 보냈다.
감정 단절,나는 휴대폰을 보면서 시간을 보냈다.
감정 단절,나는 앉아서 지붕을 바라보는 시간을 보냈다.
감정 단절,나는 하루 종일 방에서 조용했다.
감정 단절,나는 하루 종일 창문 밖을 바라보았다.
감정 단절,나는 바보였고 그냥 바보였다.
감정 단절,나는 내 친구에게 대답할 수 없었다.
감정 방치,"무슨 일이 일어나든, 감정은 사라지지 않습니다."
감정 방치,당신이 바보라면 감정을 밀어 넣으십시오.
감정 방치,"그것은 좋은 것처럼 보이지만, 그것은 완전히 감정적입니다."
감정 방치,그것은 여전히 감정에 갇혀있다.
감정 방치,"솔직히 말하자면, 나는 감정 때문에 지금 힘들다."
감정 방치,나는 감정이 나를 먹는 것처럼 느낀다.
감정 방치,"나는 너무 나쁘게 느끼고, 나는 병원에 갈 것이다."
감정 방치,때때로 나는 감정 없이 살고 싶다고 생각한다.
감정 방치,"사람들은 모른다, 나는 정말로 느낀다."
감정 방치,나는 감정을 극복하고 싶지만 쉽지 않다.
감정 방치,하루 종일 기분이 좋지 않았다.
감정 방치,"내가 말했을 때, 내 마음은 텅 비어 있었다."
감정 방치,집중하지 않고 어리석은
감정 방치,아무도 아무 말도 하지 않았지만 나는 바보였다.
감정 방치,당신의 마음은 복잡하고 복잡합니다.
감정 방치,왜 그런지 모르겠지만 힘들다.
감정 방치,"혼자있을 때, 불행을 제거하십시오."
감정 방치,그것은 눈물의 날과 같았다.
감정 방치,어렵고 피곤한 이유가 없었다.
감정 방치,"그것은 일어나지 않지만, 나는 여전히 죽고있다."
감정 방치,나는 바보였고 그냥 바보였다.
감정 방치,나는 앉아서 지붕을 바라보는 시간을 보냈다.
감정 방치,나는 심지어 샤워를 하지 않았다.
감정 방치,나는 휴대폰을 보면서 시간을 보냈다.
감정 방치,나는 하루 종일 방에서 조용했다.
감정 방치,나는 집안일을 하지 않았고 시간을 보냈다.
감정 방치,나는 하루 종일 창문 밖을 바라보았다.
감정 방치,나는 내 친구에게 대답할 수 없었다.
감정 방치,오늘은 아무것도 하지 않고 침대에 누워있었습니다.
감정 방치,거울 속에서 이상하게 느껴졌다.
분리감,나는 분리의 느낌을 표현하는 방법을 모른다.
분리감,"분리되고 분리 된, 그것은 지금 만지지 않은 것처럼 보입니다."
분리감,그는 괜찮다고 말하지만 아직도 분리되고 있다.
분리감,"나는 분리를 극복하고 싶지만, 그것은 쉽지 않다."
분리감,"오늘날, 진정한 분리로 인해 아무것도 손에 들지 않습니다."
분리감,"무슨 일이 일어날지라도, 분리가 사라지지 않는다."
분리감,분리 때문에 웃는 것은 이상한 일이었다.
분리감,이런 분리감을 느끼는 것은 처음이었다.
분리감,때때로 나는 분리 없이 살고 싶다.
분리감,나는 너무 혼란스러워서 병원에 갔다.
분리감,당신의 마음은 복잡하고 복잡합니다.
분리감,"혼자있을 때, 불행을 제거하십시오."
분리감,그것은 눈물의 날과 같았다.
분리감,"내가 말했을 때, 내 마음은 텅 비어 있었다."
분리감,어렵고 피곤한 이유가 없었다.
분리감,집중하지 않고 어리석은
분리감,왜 그런지 모르겠지만 힘들다.
분리감,"그것은 일어나지 않지만, 나는 여전히 죽고있다."
분리감,하루 종일 기분이 좋지 않았다.
분리감,아무도 아무 말도 하지 않았지만 나는 바보였다.
분리감,나는 집안일을 하지 않았고 시간을 보냈다.
분리감,나는 휴대폰을 보면서 시간을 보냈다.
분리감,나는 바보였고 그냥 바보였다.
분리감,나는 하루 종일 방에서 조용했다.
분리감,나는 내 친구에게 대답할 수 없었다.
분리감,나는 앉아서 지붕을 바라보는 시간을 보냈다.
분리감,나는 하루 종일 창문 밖을 바라보았다.
분리감,오늘은 아무것도 하지 않고 침대에 누워있었습니다.
분리감,거울 속에서 이상하게 느껴졌다.
분리감,나는 심지어 샤워를 하지 않았다.
두려움,나는 두려움을 표현하는 방법을 모른다.
두려움,나는 하루 종일 두려워했다.
두려움,"이 두려움이 계속된다면, 그것은 떨어질 것이다."
두려움,무슨 일이 일어나든 두려움은 사라지지 않는다.
두려움,"음식을 먹지 않고, 두려움 때문에 잠을 자지 않는다."
두려움,"솔직히 말하자면, 나는 지금 두려움 때문에 힘들다."
두려움,"사람들은 모른다, 나는 정말 두려워한다."
두려움,끔찍한 날이었고 특별한 것은 없었다.
두려움,두려움은 끝났고 지금은 무력한 것처럼 보입니다.
두려움,"나는 너무 두려워, 나는 사람들을 만나는 것을 좋아하지 않는다."
두려움,아무도 아무 말도 하지 않았지만 나는 바보였다.
두려움,"내가 말했을 때, 내 마음은 텅 비어 있었다."
두려움,"혼자있을 때, 불행을 제거하십시오."
두려움,"그것은 일어나지 않지만, 나는 여전히 죽고있다."
두려움,하루 종일 기분이 좋지 않았다.
두려움,왜 그런지 모르겠지만 힘들다.
두려움,그것은 눈물의 날과 같았다.
두려움,집중하지 않고 어리석은
두려움,당신의 마음은 복잡하고 복잡합니다.
두려움,어렵고 피곤한 이유가 없었다.
두려움,나는 바보였고 그냥 바보였다.
두려움,나는 휴대폰을 보면서 시간을 보냈다.
두려움,나는 앉아서 지붕을 바라보는 시간을 보냈다.
두려움,나는 하루 종일 창문 밖을 바라보았다.
두려움,거울 속에서 이상하게 느껴졌다.
두려움,나는 내 친구에게 대답할 수 없었다.
두려움,나는 하루 종일 방에서 조용했다.
두려움,나는 심지어 샤워를 하지 않았다.
두려움,나는 집안일을 하지 않았고 시간을 보냈다.
두려움,오늘은 아무것도 하지 않고 침대에 누워있었습니다.
불쾌감,이렇게 오랫동안 불쾌한 느낌을 느끼는 것은 이번이 처음이다.
불쾌감,불편함 때문에 음식이나 잠이 없습니다.
불쾌감,"불행하게도, 내 인생 전체가 과도합니다."
불쾌감,"나는 말하지 않았다, 그러나 나는 여전히 불쾌했다."
불쾌감,나는 불편함의 감정을 표현하는 방법을 모른다.
불쾌감,"사람들은 모른다, 나는 정말 불쾌하다."
불쾌감,나는 하루 종일 불편하고 우울했다.
불쾌감,불편함 때문에 웃는 것이 이상했습니다.
불쾌감,때때로 나는 불편함없이 살고 싶다고 생각한다.
불쾌감,"나는 울고있다, 어쩌면 불편함 때문에."
불쾌감,왜 그런지 모르겠지만 힘들다.
불쾌감,어렵고 피곤한 이유가 없었다.
불쾌감,하루 종일 기분이 좋지 않았다.
불쾌감,아무도 아무 말도 하지 않았지만 나는 바보였다.
불쾌감,"그것은 일어나지 않지만, 나는 여전히 죽고있다."
불쾌감,당신의 마음은 복잡하고 복잡합니다.
불쾌감,집중하지 않고 어리석은
불쾌감,"혼자있을 때, 불행을 제거하십시오."
불쾌감,"내가 말했을 때, 내 마음은 텅 비어 있었다."
불쾌감,그것은 눈물의 날과 같았다.
불쾌감,나는 심지어 샤워를 하지 않았다.
불쾌감,나는 바보였고 그냥 바보였다.
불쾌감,나는 내 친구에게 대답할 수 없었다.
불쾌감,오늘은 아무것도 하지 않고 침대에 누워있었습니다.
불쾌감,나는 하루 종일 방에서 조용했다.
불쾌감,나는 집안일을 하지 않았고 시간을 보냈다.
불쾌감,나는 휴대폰을 보면서 시간을 보냈다.
불쾌감,거울 속에서 이상하게 느껴졌다.
불쾌감,나는 하루 종일 창문 밖을 바라보았다.
불쾌감,나는 앉아서 지붕을 바라보는 시간을 보냈다.
멍함,"나는 어리석음을 극복하고 싶지만, 그것은 쉽지 않다."
멍함,오랫동안 그런 어리석음의 느낌을 느끼는 것은 처음이었습니다.
멍함,저를 먹는 게 정말 어리석은 것 같아요.
멍함,"오늘날, 진정한 어리석음 때문에 아무것도 손에 들지 않습니다."
멍함,"어쩌면 그것은 내 눈물 때문일지도 모르지만, 내 어리석음 때문일지도 모른다."
멍함,어리석음에 대해 웃는 것은 이상한 일이었다.
멍함,"그것은 잘 보이지만, 그것은 완전히 어리석은."
멍함,왜 그렇게 어리석은지 모르겠다.
멍함,음식도 없고 잠도 없다.
멍함,나는 하루 종일 바보였다.
멍함,"혼자있을 때, 불행을 제거하십시오."
멍함,하루 종일 기분이 좋지 않았다.
멍함,그것은 눈물의 날과 같았다.
멍함,"내가 말했을 때, 내 마음은 텅 비어 있었다."
멍함,어렵고 피곤한 이유가 없었다.
멍함,집중하지 않고 어리석은
멍함,아무도 아무 말도 하지 않았지만 나는 바보였다.
멍함,"그것은 일어나지 않지만, 나는 여전히 죽고있다."
멍함,왜 그런지 모르겠지만 힘들다.
멍함,당신의 마음은 복잡하고 복잡합니다.
멍함,나는 내 친구에게 대답할 수 없었다.
멍함,나는 하루 종일 창문 밖을 바라보았다.
멍함,오늘은 아무것도 하지 않고 침대에 누워있었습니다.
멍함,나는 바보였고 그냥 바보였다.
멍함,거울 속에서 이상하게 느껴졌다.
멍함,나는 앉아서 지붕을 바라보는 시간을 보냈다.
멍함,나는 휴대폰을 보면서 시간을 보냈다.
멍함,나는 하루 종일 방에서 조용했다.
멍함,나는 심지어 샤워를 하지 않았다.
멍함,나는 집안일을 하지 않았고 시간을 보냈다.
생각 없음,그것은 좋은 것처럼 보이지만 완전히 생각하지 않습니다.
생각 없음,생각하지 않고 극복하고 싶지만 쉽지 않다.
생각 없음,내가 아무것도 할 수 없다고 생각하는 것은 너무 어렵다.
생각 없음,나는 병원에 가서 그렇게 힘들게 생각하지 않는다.
생각 없음,당신은 그것이 괜찮다고 말하지만 당신은 생각하지 않습니다.
생각 없음,"생각하지 않고, 나는 내 마음속에 모든 것을 삭감한다."
생각 없음,"상상할 수 없고 상상할 수 없으며, 지금은 상상할 수 없다고 생각합니다."
생각 없음,나는 생각하지 않았기 때문에 웃는 것이 이상했다.
생각 없음,"그것은 상상할 수 없는 날이었고, 특별한 것은 없었다."
생각 없음,"솔직히 말하자면, 나는 지금 그것에 대해 생각하지 않기 때문에 어렵다."
생각 없음,당신의 마음은 복잡하고 복잡합니다.
생각 없음,"내가 말했을 때, 내 마음은 텅 비어 있었다."
생각 없음,어렵고 피곤한 이유가 없었다.
생각 없음,"혼자있을 때, 불행을 제거하십시오."
생각 없음,그것은 눈물의 날과 같았다.
생각 없음,왜 그런지 모르겠지만 힘들다.
생각 없음,"그것은 일어나지 않지만, 나는 여전히 죽고있다."
생각 없음,아무도 아무 말도 하지 않았지만 나는 바보였다.
생각 없음,집중하지 않고 어리석은
생각 없음,하루 종일 기분이 좋지 않았다.
생각 없음,오늘은 아무것도 하지 않고 침대에 누워있었습니다.
생각 없음,나는 앉아서 지붕을 바라보는 시간을 보냈다.
생각 없음,나는 바보였고 그냥 바보였다.
생각 없음,나는 하루 종일 창문 밖을 바라보았다.
생각 없음,나는 심지어 샤워를 하지 않았다.
생각 없음,나는 휴대폰을 보면서 시간을 보냈다.
생각 없음,거울 속에서 이상하게 느껴졌다.
생각 없음,나는 내 친구에게 대답할 수 없었다.
생각 없음,나는 하루 종일 방에서 조용했다.
생각 없음,나는 집안일을 하지 않았고 시간을 보냈다.
애매함,잠을 자고 깨어나는 것은 슬픈 일이다.
애매함,왜 그렇게 나쁜지 모르겠다.
애매함,"무슨 일이 일어나든, 불행은 사라지지 않는다."
애매함,"그것은 외부에서 잘 보이지만, 그것은 완전히 불행합니다."
애매함,나는 고통을 겪고 아무 말도 하지 않는다.
애매함,"나는 그것이 과장되고 과장되고 있다고 생각하고, 지금은 과장되고있다."
애매함,이것이 지금 불행하게 되기를 바란다.
애매함,"이 불행이 계속된다면, 그것은 떨어질 것이다."
애매함,슬픈 날이었고 특별한 일이 없었다.
애매함,나는 오랫동안 그런 슬픔을 느끼는 것은 처음이었다.
애매함,아무도 아무 말도 하지 않았지만 나는 바보였다.
애매함,어렵고 피곤한 이유가 없었다.
애매함,"그것은 일어나지 않지만, 나는 여전히 죽고있다."
애매함,왜 그런지 모르겠지만 힘들다.
애매함,하루 종일 기분이 좋지 않았다.
애매함,그것은 눈물의 날과 같았다.
애매함,"혼자있을 때, 불행을 제거하십시오."
애매함,집중하지 않고 어리석은
애매함,당신의 마음은 복잡하고 복잡합니다.
애매함,"내가 말했을 때, 내 마음은 텅 비어 있었다."
애매함,나는 바보였고 그냥 바보였다.
애매함,거울 속에서 이상하게 느껴졌다.
애매함,나는 앉아서 지붕을 바라보는 시간을 보냈다.
애매함,나는 심지어 샤워를 하지 않았다.
애매함,나는 하루 종일 창문 밖을 바라보았다.
애매함,오늘은 아무것도 하지 않고 침대에 누워있었습니다.
애매함,나는 휴대폰을 보면서 시간을 보냈다.
애매함,나는 내 친구에게 대답할 수 없었다.
애매함,나는 하루 종일 방에서 조용했다.
애매함,나는 집안일을 하지 않았고 시간을 보냈다.
느끼지 않음,당신이 느끼지 않는 감정을 표현하는 방법을 모르겠습니다.
느끼지 않음,"왜냐하면 그들은 먹지 않기 때문에, 그들은 잠들지 않습니다."
느끼지 않음,나는 하루 종일 불가능하고 우울해 느꼈다.
느끼지 않음,"왜 그렇게 느끼지 못하는지, 나는 모른다."
느끼지 않음,나는 하루 종일 그것을 느끼지 못했다.
느끼지 않음,나는 내 인생에서 모든 것을 줄이고 있다고 느끼지 않는다.
느끼지 않음,잠을 자고 깨어나지 않는다.
느끼지 않음,"당신은 그것이 괜찮다고 말하지만, 당신은 그것을 느끼지 않습니다."
느끼지 않음,"솔직히 말하자면, 나는 지금 그것을 느끼지 못하기 때문에 어렵다."
느끼지 않음,나는 너무 힘들어서 아무것도 할 수 없다.
느끼지 않음,"내가 말했을 때, 내 마음은 텅 비어 있었다."
느끼지 않음,어렵고 피곤한 이유가 없었다.
느끼지 않음,당신의 마음은 복잡하고 복잡합니다.
느끼지 않음,아무도 아무 말도 하지 않았지만 나는 바보였다.
느끼지 않음,그것은 눈물의 날과 같았다.
느끼지 않음,"혼자있을 때, 불행을 제거하십시오."
느끼지 않음,"그것은 일어나지 않지만, 나는 여전히 죽고있다."
느끼지 않음,하루 종일 기분이 좋지 않았다.
느끼지 않음,집중하지 않고 어리석은
느끼지 않음,왜 그런지 모르겠지만 힘들다.
느끼지 않음,나는 휴대폰을 보면서 시간을 보냈다.
느끼지 않음,오늘은 아무것도 하지 않고 침대에 누워있었습니다.
느끼지 않음,거울 속에서 이상하게 느껴졌다.
느끼지 않음,나는 내 친구에게 대답할 수 없었다.
느끼지 않음,나는 앉아서 지붕을 바라보는 시간을 보냈다.
느끼지 않음,나는 바보였고 그냥 바보였다.
느끼지 않음,나는 심지어 샤워를 하지 않았다.
느끼지 않음,나는 집안일을 하지 않았고 시간을 보냈다.
느끼지 않음,나는 하루 종일 창문 밖을 바라보았다.
느끼지 않음,나는 하루 종일 방에서 조용했다.
감정 없음,나는 느끼지 않는 느낌을 표현하는 방법을 모른다.
감정 없음,당신이 감정을 보지 못할 때 바보가 되십시오.
감정 없음,어떤 감정도 내 인생 전체를 좁히지 않는다.
감정 없음,그것은 감정없이 계속 느껴집니다.
감정 없음,나는 의미를 극복하고 싶지만 쉽지 않다.
감정 없음,그것은 내가 그렇게 오랫동안 느끼지 못했다는 느낌이 처음이었다.
감정 없음,나는 하루 종일 감정이 없었다.
감정 없음,나는 하루 종일 불안하고 우울하다고 느꼈다.
감정 없음,나는 정말로 나를 먹는 것처럼 느끼지 않는다.
감정 없음,"나는 말하지 않았다, 그러나 나는 안에서 느끼지 않았다."
감정 없음,어렵고 피곤한 이유가 없었다.
감정 없음,"혼자있을 때, 불행을 제거하십시오."
감정 없음,하루 종일 기분이 좋지 않았다.
감정 없음,왜 그런지 모르겠지만 힘들다.
감정 없음,"내가 말했을 때, 내 마음은 텅 비어 있었다."
감정 없음,그것은 눈물의 날과 같았다.
감정 없음,"그것은 일어나지 않지만, 나는 여전히 죽고있다."
감정 없음,아무도 아무 말도 하지 않았지만 나는 바보였다.
감정 없음,당신의 마음은 복잡하고 복잡합니다.
감정 없음,집중하지 않고 어리석은
감정 없음,나는 휴대폰을 보면서 시간을 보냈다.
감정 없음,나는 내 친구에게 대답할 수 없었다.
감정 없음,나는 집안일을 하지 않았고 시간을 보냈다.
감정 없음,나는 심지어 샤워를 하지 않았다.
감정 없음,나는 하루 종일 창문 밖을 바라보았다.
감정 없음,나는 바보였고 그냥 바보였다.
감정 없음,나는 앉아서 지붕을 바라보는 시간을 보냈다.
감정 없음,나는 하루 종일 방에서 조용했다.
감정 없음,거울 속에서 이상하게 느껴졌다.
감정 없음,오늘은 아무것도 하지 않고 침대에 누워있었습니다.
복합감정,나는 정말로 화합물이 나를 먹는 것처럼 느낀다.
복합감정,잠을 자고 일어나는 것은 복잡하다.
복합감정,"당신이 미친 경우, 화합물을 밀어."
복합감정,나는 요즘 병원에 가서 너무 곤경에 빠져있다.
복합감정,"나는 그것을 말하지 않았다, 그러나 나는 끊임없이 복잡했다."
복합감정,"만약 이러한 복잡성이 계속된다면, 그것은 떨어질 것이다."
복합감정,복잡성 때문에 웃는 것이 이상했습니다.
복합감정,때때로 나는 복잡함 없이 살고 싶다고 생각한다.
복합감정,"그것은 잘 보이지만, 그것은 완전히 복잡합니다."
복합감정,"그것은 복잡한 날이었고, 특별한 일이 아니었다."
복합감정,"혼자있을 때, 불행을 제거하십시오."
복합감정,당신의 마음은 복잡하고 복잡합니다.
복합감정,어렵고 피곤한 이유가 없었다.
복합감정,집중하지 않고 어리석은
복합감정,아무도 아무 말도 하지 않았지만 나는 바보였다.
복합감정,"그것은 일어나지 않지만, 나는 여전히 죽고있다."
복합감정,그것은 눈물의 날과 같았다.
복합감정,"내가 말했을 때, 내 마음은 텅 비어 있었다."
복합감정,왜 그런지 모르겠지만 힘들다.
복합감정,하루 종일 기분이 좋지 않았다.
복합감정,나는 심지어 샤워를 하지 않았다.
복합감정,나는 집안일을 하지 않았고 시간을 보냈다.
복합감정,나는 휴대폰을 보면서 시간을 보냈다.
복합감정,나는 하루 종일 창문 밖을 바라보았다.
복합감정,나는 앉아서 지붕을 바라보는 시간을 보냈다.
복합감정,나는 내 친구에게 대답할 수 없었다.
복합감정,거울 속에서 이상하게 느껴졌다.
복합감정,나는 하루 종일 방에서 조용했다.
복합감정,오늘은 아무것도 하지 않고 침대에 누워있었습니다.
복합감정,나는 바보였고 그냥 바보였다.
방어적,"왜 그렇게 방어적 인지, 나는 모른다."
방어적,"사람들은 모른다, 나는 정말로 옹호자입니다."
방어적,"방어를 위해, 음식과 잠이 없습니다."
방어적,방어는 너무 힘들어서 할 수 없어요.
방어적,"나는 말하지 않았지만, 나는 계속 방어했다."
방어적,좋은 날이었고 특별한 일이 없었다.
방어적,무슨 일이 일어나든 방어는 사라지지 않는다.
방어적,나는 너무 방어적이어서 사람들을 만나는 것을 좋아하지 않는다.
방어적,잘 보이지만 완전히 방어적입니다.
방어적,잠을 자고 일어나는 것은 방어적이다.
방어적,어렵고 피곤한 이유가 없었다.
방어적,아무도 아무 말도 하지 않았지만 나는 바보였다.
방어적,"혼자있을 때, 불행을 제거하십시오."
방어적,그것은 눈물의 날과 같았다.
방어적,왜 그런지 모르겠지만 힘들다.
방어적,집중하지 않고 어리석은
방어적,하루 종일 기분이 좋지 않았다.
방어적,"그것은 일어나지 않지만, 나는 여전히 죽고있다."
방어적,당신의 마음은 복잡하고 복잡합니다.
방어적,"내가 말했을 때, 내 마음은 텅 비어 있었다."
방어적,나는 내 친구에게 대답할 수 없었다.
방어적,오늘은 아무것도 하지 않고 침대에 누워있었습니다.
방어적,나는 하루 종일 방에서 조용했다.
방어적,나는 바보였고 그냥 바보였다.
방어적,나는 하루 종일 창문 밖을 바라보았다.
방어적,거울 속에서 이상하게 느껴졌다.
방어적,나는 심지어 샤워를 하지 않았다.
방어적,나는 휴대폰을 보면서 시간을 보냈다.
방어적,나는 집안일을 하지 않았고 시간을 보냈다.
방어적,나는 앉아서 지붕을 바라보는 시간을 보냈다.
기쁨,만약 그 기쁨이 계속된다면 그것은 떨어질 것이다.
기쁨,그는 괜찮다고 말하지만 여전히 행복하다.
기쁨,기쁨을 위해 웃는 것은 이상한 일이었다.
기쁨,요즘은 병원에 가서 정말 기니다.
기쁨,기쁨은 끝났고 지금은 만지지 않은 것처럼 보입니다.
기쁨,그것은 여전히 기쁨에 갇혀있다.
기쁨,나는 왜 그렇게 행복했는지 모르겠다.
기쁨,이렇게 오랫동안 기쁨을 느끼는 것은 이번이 처음이다.
기쁨,"그것이 잘 보이더라도, 그것은 즐거움입니다."
기쁨,즐거운 하루였고 특별한 일이 없었다.
기쁨,당신의 마음은 복잡하고 복잡합니다.
기쁨,"그것은 일어나지 않지만, 나는 여전히 죽고있다."
기쁨,하루 종일 기분이 좋지 않았다.
기쁨,"혼자있을 때, 불행을 제거하십시오."
기쁨,어렵고 피곤한 이유가 없었다.
기쁨,집중하지 않고 어리석은
기쁨,그것은 눈물의 날과 같았다.
기쁨,"내가 말했을 때, 내 마음은 텅 비어 있었다."
기쁨,왜 그런지 모르겠지만 힘들다.
기쁨,아무도 아무 말도 하지 않았지만 나는 바보였다.
기쁨,나는 내 친구에게 대답할 수 없었다.
기쁨,나는 하루 종일 창문 밖을 바라보았다.
기쁨,나는 휴대폰을 보면서 시간을 보냈다.
기쁨,나는 집안일을 하지 않았고 시간을 보냈다.
기쁨,오늘은 아무것도 하지 않고 침대에 누워있었습니다.
기쁨,나는 바보였고 그냥 바보였다.
기쁨,나는 심지어 샤워를 하지 않았다.
기쁨,나는 하루 종일 방에서 조용했다.
기쁨,거울 속에서 이상하게 느껴졌다.
기쁨,나는 앉아서 지붕을 바라보는 시간을 보냈다.
설렘,외부에서 잘 보이지만 완벽하게 조용해 보입니다.
설렘,"어쩌면 내 눈물 때문에, 어쩌면 내 눈물 때문에."
설렘,Sullivan은 점점 올라가고 지금은 터치되지 않습니다.
설렘,음식도 없고 잠도 없다.
설렘,잠을 자고 일어나는 것은 똑같다.
설렘,Sullivan은 내 인생 전체를 닫았습니다.
설렘,솔로몬은 너무 힘들어서 나는 아무도 만나고 싶지 않다.
설렘,"만약 당신이 미친 사람이라면, 그것을 던져라."
설렘,나는 처음으로 Sullivan에 대해 그렇게 긴 느낌을 느꼈다.
설렘,"그는 괜찮다고 말하지만, 그는 Sullivan을 계속 따르고 있습니다."
설렘,하루 종일 기분이 좋지 않았다.
설렘,당신의 마음은 복잡하고 복잡합니다.
설렘,집중하지 않고 어리석은
설렘,"그것은 일어나지 않지만, 나는 여전히 죽고있다."
설렘,그것은 눈물의 날과 같았다.
설렘,"혼자있을 때, 불행을 제거하십시오."
설렘,어렵고 피곤한 이유가 없었다.
설렘,아무도 아무 말도 하지 않았지만 나는 바보였다.
설렘,왜 그런지 모르겠지만 힘들다.
설렘,"내가 말했을 때, 내 마음은 텅 비어 있었다."
설렘,나는 내 친구에게 대답할 수 없었다.
설렘,나는 앉아서 지붕을 바라보는 시간을 보냈다.
설렘,나는 하루 종일 창문 밖을 바라보았다.
설렘,나는 심지어 샤워를 하지 않았다.
설렘,나는 하루 종일 방에서 조용했다.
설렘,나는 휴대폰을 보면서 시간을 보냈다.
설렘,오늘은 아무것도 하지 않고 침대에 누워있었습니다.
설렘,나는 바보였고 그냥 바보였다.
설렘,거울 속에서 이상하게 느껴졌다.
설렘,나는 집안일을 하지 않았고 시간을 보냈다.
안정감,나는 안정성의 느낌을 표현하는 방법을 모르겠다.
안정감,나는 진정으로 안정성의 느낌을 느낀다.
안정감,어쩌면 안정성 때문에 울었을지도 모른다.
안정감,당신이 미친 사람이라면 안정성을 유지하십시오.
안정감,나는 하루 종일 안정적이었다.
안정감,"나는 말하지 않았다, 그러나 나는 여전히 안정적이었다."
안정감,"그것은 안정적이고 안정적이며, 지금은 불안정합니다."
안정감,그것은 너무 안정적이어서 일할 수 없습니다.
안정감,계속 안정적으로 느껴집니다.
안정감,때때로 나는 안정성 없이 살고 싶다고 생각한다.
안정감,"내가 말했을 때, 내 마음은 텅 비어 있었다."
안정감,하루 종일 기분이 좋지 않았다.
안정감,왜 그런지 모르겠지만 힘들다.
안정감,"그것은 일어나지 않지만, 나는 여전히 죽고있다."
안정감,당신의 마음은 복잡하고 복잡합니다.
안정감,집중하지 않고 어리석은
안정감,그것은 눈물의 날과 같았다.
안정감,"혼자있을 때, 불행을 제거하십시오."
안정감,아무도 아무 말도 하지 않았지만 나는 바보였다.
안정감,어렵고 피곤한 이유가 없었다.
안정감,거울 속에서 이상하게 느껴졌다.
안정감,나는 하루 종일 창문 밖을 바라보았다.
안정감,오늘은 아무것도 하지 않고 침대에 누워있었습니다.
안정감,나는 심지어 샤워를 하지 않았다.
안정감,나는 하루 종일 방에서 조용했다.
안정감,나는 바보였고 그냥 바보였다.
안정감,나는 휴대폰을 보면서 시간을 보냈다.
안정감,나는 내 친구에게 대답할 수 없었다.
안정감,나는 집안일을 하지 않았고 시간을 보냈다.
안정감,나는 앉아서 지붕을 바라보는 시간을 보냈다.
행복,때때로 나는 행복 없이 살고 싶다.
행복,그렇게 오랫동안 행복을 느끼는 것은 처음이었습니다.
행복,"나는 말하지 않았다, 그러나 나는 여전히 행복했다."
행복,행복한 날이었고 특별한 것은 없었다.
행복,행복을 위해 웃는 것은 이상한 일이었다.
행복,당신이 바보라면 행복을 얻으십시오.
행복,무슨 일이 일어나든 행복은 사라지지 않는다.
행복,"만약 그 행복이 계속된다면, 그것은 떨어질 것이다."
행복,"솔직히 말하자면, 나는 지금 행복을 위해 힘들다."
행복,"그것이 좋은 것처럼 보이더라도, 그것은 완전한 행복입니다."
행복,왜 그런지 모르겠지만 힘들다.
행복,당신의 마음은 복잡하고 복잡합니다.
행복,집중하지 않고 어리석은
행복,어렵고 피곤한 이유가 없었다.
행복,하루 종일 기분이 좋지 않았다.
행복,"혼자있을 때, 불행을 제거하십시오."
행복,아무도 아무 말도 하지 않았지만 나는 바보였다.
행복,"그것은 일어나지 않지만, 나는 여전히 죽고있다."
행복,그것은 눈물의 날과 같았다.
행복,"내가 말했을 때, 내 마음은 텅 비어 있었다."
행복,나는 앉아서 지붕을 바라보는 시간을 보냈다.
행복,나는 심지어 샤워를 하지 않았다.
행복,나는 휴대폰을 보면서 시간을 보냈다.
행복,나는 집안일을 하지 않았고 시간을 보냈다.
행복,나는 하루 종일 창문 밖을 바라보았다.
행복,나는 하루 종일 방에서 조용했다.
행복,나는 내 친구에게 대답할 수 없었다.
행복,나는 바보였고 그냥 바보였다.
행복,거울 속에서 이상하게 느껴졌다.
행복,오늘은 아무것도 하지 않고 침대에 누워있었습니다.
편안함,"사람들은 모른다, 나는 매우 편안하다."
편안함,나는 하루 종일 편안했다.
편안함,나는 오랫동안 그렇게 편안하게 느꼈던 것은 처음이었다.
편안함,외부에서 잘 보이지만 완전히 편안합니다.
편안함,그는 괜찮다고 말하지만 여전히 편안하다.
편안함,때때로 나는 편안함 없이 살고 싶다.
편안함,나는 하루 종일 편안하고 우울했다.
편안함,이제는 이것이 편안해지고 싶습니다.
편안함,편안함 때문에 웃는 것이 이상했습니다.
편안함,"나는 말하지 않았다, 그러나 나는 여전히 편안했다."
편안함,"혼자있을 때, 불행을 제거하십시오."
편안함,당신의 마음은 복잡하고 복잡합니다.
편안함,"내가 말했을 때, 내 마음은 텅 비어 있었다."
편안함,아무도 아무 말도 하지 않았지만 나는 바보였다.
편안함,집중하지 않고 어리석은
편안함,"그것은 일어나지 않지만, 나는 여전히 죽고있다."
편안함,하루 종일 기분이 좋지 않았다.
편안함,왜 그런지 모르겠지만 힘들다.
편안함,어렵고 피곤한 이유가 없었다.
편안함,그것은 눈물의 날과 같았다.
편안함,오늘은 아무것도 하지 않고 침대에 누워있었습니다.
편안함,나는 심지어 샤워를 하지 않았다.
편안함,나는 바보였고 그냥 바보였다.
편안함,나는 하루 종일 창문 밖을 바라보았다.
편안함,나는 앉아서 지붕을 바라보는 시간을 보냈다.
편안함,나는 집안일을 하지 않았고 시간을 보냈다.
편안함,거울 속에서 이상하게 느껴졌다.
편안함,나는 내 친구에게 대답할 수 없었다.
편안함,나는 하루 종일 방에서 조용했다.
편안함,나는 휴대폰을 보면서 시간을 보냈다.
만족,"오늘날, 진정한 만족 때문에 아무것도 손에 들지 않습니다."
만족,나는 정말로 나 자신에 만족한다.
만족,잘 보이지만 완전히 만족합니다.
만족,그는 괜찮다고 말하고 계속 기뻐한다.
만족,나는 지금 이 상황에 만족하고 싶다.
만족,즐거운 하루였고 특별한 일이 없었다.
만족,"나는 말하지 않았다, 그러나 나는 여전히 행복했다."
만족,그는 여전히 만족감을 느낀다.
만족,"만약 이 만족도가 계속된다면, 그것은 떨어질 것이다."
만족,나는 내 인생의 모든 것에 만족한다.
만족,집중하지 않고 어리석은
만족,당신의 마음은 복잡하고 복잡합니다.
만족,아무도 아무 말도 하지 않았지만 나는 바보였다.
만족,어렵고 피곤한 이유가 없었다.
만족,하루 종일 기분이 좋지 않았다.
만족,"내가 말했을 때, 내 마음은 텅 비어 있었다."
만족,그것은 눈물의 날과 같았다.
만족,"그것은 일어나지 않지만, 나는 여전히 죽고있다."
만족,왜 그런지 모르겠지만 힘들다.
만족,"혼자있을 때, 불행을 제거하십시오."
만족,나는 앉아서 지붕을 바라보는 시간을 보냈다.
만족,나는 하루 종일 창문 밖을 바라보았다.
만족,나는 내 친구에게 대답할 수 없었다.
만족,나는 하루 종일 방에서 조용했다.
만족,나는 바보였고 그냥 바보였다.
만족,오늘은 아무것도 하지 않고 침대에 누워있었습니다.
만족,나는 심지어 샤워를 하지 않았다.
만족,나는 집안일을 하지 않았고 시간을 보냈다.
만족,거울 속에서 이상하게 느껴졌다.
만족,나는 휴대폰을 보면서 시간을 보냈다.
충족감,잘 보이지만 완전히 만족스럽게 보입니다.
충족감,나는 정말로 나 자신에 만족한다.
충족감,"나는 왜 그렇게 만족하는지, 나는 모른다."
충족감,나는 너무 만족해서 사람들을 만나는 것을 좋아하지 않는다.
충족감,나는 만족을 극복하고 싶지만 쉽지 않다.
충족감,때때로 나는 만족 없이 살고 싶다고 생각한다.
충족감,"만약 이 만족도가 계속된다면, 그것은 떨어질 것이다."
충족감,"사람들은 모른다, 나는 정말 만족합니다."
충족감,"그는 괜찮다고 말하지만, 그는 여전히 만족하고 있습니다."
충족감,잠을 자고 깨어나는 것은 만족스러운 일이다.
충족감,어렵고 피곤한 이유가 없었다.
충족감,"내가 말했을 때, 내 마음은 텅 비어 있었다."
충족감,아무도 아무 말도 하지 않았지만 나는 바보였다.
충족감,"혼자있을 때, 불행을 제거하십시오."
충족감,집중하지 않고 어리석은
충족감,그것은 눈물의 날과 같았다.
충족감,왜 그런지 모르겠지만 힘들다.
충족감,"그것은 일어나지 않지만, 나는 여전히 죽고있다."
충족감,하루 종일 기분이 좋지 않았다.
충족감,당신의 마음은 복잡하고 복잡합니다.
충족감,나는 심지어 샤워를 하지 않았다.
충족감,오늘은 아무것도 하지 않고 침대에 누워있었습니다.
충족감,나는 내 친구에게 대답할 수 없었다.
충족감,나는 앉아서 지붕을 바라보는 시간을 보냈다.
충족감,나는 휴대폰을 보면서 시간을 보냈다.
충족감,나는 집안일을 하지 않았고 시간을 보냈다.
충족감,나는 하루 종일 방에서 조용했다.
충족감,나는 바보였고 그냥 바보였다.
충족감,거울 속에서 이상하게 느껴졌다.
충족감,나는 하루 종일 창문 밖을 바라보았다.
활기참,나는 하루 종일 스트레스를 받고 우울했다.
활기참,"무슨 일이 일어나든, 그것은 사라지지 않습니다."
활기참,"일하기가 너무 힘들어, 할 수 없습니다."
활기참,"나는 말하지 않았다, 그러나 나는 여전히 내부로 움직였다."
활기참,"이 활동이 계속된다면, 그것은 떨어질 것입니다."
활기참,어쩌면 내가 살아 있기 때문에 울고 있기 때문이다.
활기참,나는 고통을 겪고 아무 말도 하지 않는다.
활기참,나는 감정을 표현하는 방법을 모른다.
활기참,나는 하루 종일 매우 바쁘다고 생각했다.
활기참,내 인생은 내 인생 전체를 삭감하고 있다.
활기참,왜 그런지 모르겠지만 힘들다.
활기참,"혼자있을 때, 불행을 제거하십시오."
활기참,"그것은 일어나지 않지만, 나는 여전히 죽고있다."
활기참,그것은 눈물의 날과 같았다.
활기참,아무도 아무 말도 하지 않았지만 나는 바보였다.
활기참,하루 종일 기분이 좋지 않았다.
활기참,당신의 마음은 복잡하고 복잡합니다.
활기참,집중하지 않고 어리석은
활기참,"내가 말했을 때, 내 마음은 텅 비어 있었다."
활기참,어렵고 피곤한 이유가 없었다.
활기참,나는 바보였고 그냥 바보였다.
활기참,나는 앉아서 지붕을 바라보는 시간을 보냈다.
활기참,거울 속에서 이상하게 느껴졌다.
활기참,나는 휴대폰을 보면서 시간을 보냈다.
활기참,오늘은 아무것도 하지 않고 침대에 누워있었습니다.
활기참,나는 내 친구에게 대답할 수 없었다.
활기참,나는 하루 종일 방에서 조용했다.
활기참,나는 집안일을 하지 않았고 시간을 보냈다.
활기참,나는 하루 종일 창문 밖을 바라보았다.
활기참,나는 심지어 샤워를 하지 않았다.
열정,"당신이 바보라면, 당신의 열정을 밀어 넣으십시오."
열정,"나는 울고있다, 어쩌면 열정 때문에."
열정,잠을 자고 깨어나는 것은 열정이다.
열정,때때로 나는 열정 없이 살고 싶다고 생각한다.
열정,"만약 그 열정이 계속된다면, 그것은 떨어질 것이다."
열정,나는 하루 종일 열정적이고 우울했다.
열정,그것은 여전히 열정에 갇혀있다.
열정,"무슨 일이 일어나든, 열정은 사라지지 않는다."
열정,"사람들은 모른다, 나는 열정적이다."
열정,열정에 대해 웃는 것은 이상한 일이었다.
열정,하루 종일 기분이 좋지 않았다.
열정,"내가 말했을 때, 내 마음은 텅 비어 있었다."
열정,집중하지 않고 어리석은
열정,아무도 아무 말도 하지 않았지만 나는 바보였다.
열정,어렵고 피곤한 이유가 없었다.
열정,당신의 마음은 복잡하고 복잡합니다.
열정,"혼자있을 때, 불행을 제거하십시오."
열정,"그것은 일어나지 않지만, 나는 여전히 죽고있다."
열정,그것은 눈물의 날과 같았다.
열정,왜 그런지 모르겠지만 힘들다.
열정,나는 바보였고 그냥 바보였다.
열정,나는 심지어 샤워를 하지 않았다.
열정,나는 휴대폰을 보면서 시간을 보냈다.
열정,오늘은 아무것도 하지 않고 침대에 누워있었습니다.
열정,나는 내 친구에게 대답할 수 없었다.
열정,거울 속에서 이상하게 느껴졌다.
열정,나는 하루 종일 방에서 조용했다.
열정,나는 집안일을 하지 않았고 시간을 보냈다.
열정,나는 앉아서 지붕을 바라보는 시간을 보냈다.
열정,나는 하루 종일 창문 밖을 바라보았다.
신남,나는 내 감정을 표현하는 방법을 모른다.
신남,"이 사람이 계속된다면, 그는 떨어질 것이다."
신남,그것은 계속 잡혀있는 느낌.
신남,왜 그렇게 나쁜지 모르겠다.
신남,"어쩌면 내 눈물 때문에, 어쩌면 내 아들 때문에."
신남,"나는 말하지 않았다, 그러나 나는 여전히 내부에 있었다."
신남,나는 지금 새로운 사람이 되고 싶다.
신남,내 남편 때문에 웃는 것이 이상했다.
신남,"그는 그것이 괜찮다고 말하지만, 그는 계속 추적한다."
신남,즐거운 하루였고 특별한 일이 없었다.
신남,아무도 아무 말도 하지 않았지만 나는 바보였다.
신남,왜 그런지 모르겠지만 힘들다.
신남,하루 종일 기분이 좋지 않았다.
신남,"그것은 일어나지 않지만, 나는 여전히 죽고있다."
신남,집중하지 않고 어리석은
신남,"혼자있을 때, 불행을 제거하십시오."
신남,당신의 마음은 복잡하고 복잡합니다.
신남,그것은 눈물의 날과 같았다.
신남,어렵고 피곤한 이유가 없었다.
신남,"내가 말했을 때, 내 마음은 텅 비어 있었다."
신남,오늘은 아무것도 하지 않고 침대에 누워있었습니다.
신남,나는 하루 종일 창문 밖을 바라보았다.
신남,나는 내 친구에게 대답할 수 없었다.
신남,나는 앉아서 지붕을 바라보는 시간을 보냈다.
신남,나는 심지어 샤워를 하지 않았다.
신남,거울 속에서 이상하게 느껴졌다.
신남,나는 하루 종일 방에서 조용했다.
신남,나는 집안일을 하지 않았고 시간을 보냈다.
신남,나는 휴대폰을 보면서 시간을 보냈다.
신남,나는 바보였고 그냥 바보였다.
사랑받음,오늘날 진정한 사랑 때문에 아무것도 손에 잡혀 있지 않습니다.
사랑받음,"내가 울고 있기 때문에, 어쩌면 내가 사랑하기 때문이다."
사랑받음,사랑은 끝났고 지금은 만지지 않은 것처럼 보입니다.
사랑받음,때때로 나는 사랑받지 않고 살고 싶다고 생각한다.
사랑받음,"이 사랑이 계속된다면, 그것은 떨어질 것이다."
사랑받음,"당신이 미친 사람이라면, 사랑받으려고 노력하십시오."
사랑받음,나는 이 나라가 사랑받기를 원한다.
사랑받음,사랑은 너무 힘들어서 아무것도 할 수 없습니다.
사랑받음,그것은 사랑의 날이었고 특별한 것은 아무것도 없었다.
사랑받음,나는 사랑을 극복하고 싶지만 쉽지 않다.
사랑받음,당신의 마음은 복잡하고 복잡합니다.
사랑받음,"그것은 일어나지 않지만, 나는 여전히 죽고있다."
사랑받음,집중하지 않고 어리석은
사랑받음,왜 그런지 모르겠지만 힘들다.
사랑받음,어렵고 피곤한 이유가 없었다.
사랑받음,하루 종일 기분이 좋지 않았다.
사랑받음,"혼자있을 때, 불행을 제거하십시오."
사랑받음,"내가 말했을 때, 내 마음은 텅 비어 있었다."
사랑받음,그것은 눈물의 날과 같았다.
사랑받음,아무도 아무 말도 하지 않았지만 나는 바보였다.
사랑받음,나는 하루 종일 창문 밖을 바라보았다.
사랑받음,나는 앉아서 지붕을 바라보는 시간을 보냈다.
사랑받음,나는 휴대폰을 보면서 시간을 보냈다.
사랑받음,나는 집안일을 하지 않았고 시간을 보냈다.
사랑받음,거울 속에서 이상하게 느껴졌다.
사랑받음,나는 내 친구에게 대답할 수 없었다.
사랑받음,나는 바보였고 그냥 바보였다.
사랑받음,오늘은 아무것도 하지 않고 침대에 누워있었습니다.
사랑받음,나는 심지어 샤워를 하지 않았다.
사랑받음,나는 하루 종일 방에서 조용했다.
기대감,"나는 기대가 점점 높아지고 있으며, 이제는 만지지 않습니다."
기대감,요즘은 병원에 가서 너무 흥분해요.
기대감,"외부에서 잘 보이지만, 그것은 완전한 기대입니다."
기대감,나의 기대는 모든 것을 좁히고 있다.
기대감,나는 고통을 겪고 아무 말도 하지 않는다.
기대감,그는 괜찮다고 말하지만 계속 기다리고 있다.
기대감,"오늘날, 진정한 기대 때문에 아무것도 손에 잡혀 있지 않습니다."
기대감,나는 감정을 표현하는 방법을 모른다.
기대감,"솔직히 말하자면, 나는 기대에 힘들다."
기대감,"내가 울고 있기 때문에, 아마도 기대에 의해."
기대감,집중하지 않고 어리석은
기대감,그것은 눈물의 날과 같았다.
기대감,"그것은 일어나지 않지만, 나는 여전히 죽고있다."
기대감,어렵고 피곤한 이유가 없었다.
기대감,하루 종일 기분이 좋지 않았다.
기대감,"내가 말했을 때, 내 마음은 텅 비어 있었다."
기대감,"혼자있을 때, 불행을 제거하십시오."
기대감,왜 그런지 모르겠지만 힘들다.
기대감,당신의 마음은 복잡하고 복잡합니다.
기대감,아무도 아무 말도 하지 않았지만 나는 바보였다.
기대감,나는 하루 종일 방에서 조용했다.
기대감,나는 심지어 샤워를 하지 않았다.
기대감,나는 휴대폰을 보면서 시간을 보냈다.
기대감,나는 집안일을 하지 않았고 시간을 보냈다.
기대감,오늘은 아무것도 하지 않고 침대에 누워있었습니다.
기대감,나는 하루 종일 창문 밖을 바라보았다.
기대감,나는 내 친구에게 대답할 수 없었다.
기대감,나는 앉아서 지붕을 바라보는 시간을 보냈다.
기대감,나는 바보였고 그냥 바보였다.
기대감,거울 속에서 이상하게 느껴졌다.
응원받음,그것은 좋은 것처럼 보이지만 완전히 격려됩니다.
응원받음,"사람들은 모른다, 나는 정말로 격려된다."
응원받음,나는 이 나라를 격려하고 싶다.
응원받음,그것은 여전히 격려되고 있습니다.
응원받음,당신은 그것이 괜찮다고 말하지만 계속 격려됩니다.
응원받음,나는 하루 종일 격려와 우울함을 느꼈다.
응원받음,"이 격려가 계속된다면, 그것은 떨어질 것이다."
응원받음,"오늘날, 진정한 격려로 인해 아무것도 손에 들지 않습니다."
응원받음,"솔직히 말하자면, 격려받기 힘들다."
응원받음,나는 격려의 느낌을 표현하는 방법을 모르겠다.
응원받음,"혼자있을 때, 불행을 제거하십시오."
응원받음,그것은 눈물의 날과 같았다.
응원받음,"내가 말했을 때, 내 마음은 텅 비어 있었다."
응원받음,왜 그런지 모르겠지만 힘들다.
응원받음,하루 종일 기분이 좋지 않았다.
응원받음,어렵고 피곤한 이유가 없었다.
응원받음,아무도 아무 말도 하지 않았지만 나는 바보였다.
응원받음,당신의 마음은 복잡하고 복잡합니다.
응원받음,집중하지 않고 어리석은
응원받음,"그것은 일어나지 않지만, 나는 여전히 죽고있다."
응원받음,나는 내 친구에게 대답할 수 없었다.
응원받음,오늘은 아무것도 하지 않고 침대에 누워있었습니다.
응원받음,나는 휴대폰을 보면서 시간을 보냈다.
응원받음,나는 집안일을 하지 않았고 시간을 보냈다.
응원받음,나는 하루 종일 방에서 조용했다.
응원받음,나는 하루 종일 창문 밖을 바라보았다.
응원받음,나는 앉아서 지붕을 바라보는 시간을 보냈다.
응원받음,거울 속에서 이상하게 느껴졌다.
응원받음,나는 심지어 샤워를 하지 않았다.
응원받음,나는 바보였고 그냥 바보였다.
감사,이렇게 오랫동안 감사하게 느끼는 것은 처음이었습니다.
감사,그는 여전히 감사함을 느낀다.
감사,"나는 감사를 얻고 싶지만, 그것은 쉽지 않습니다."
감사,때로는 감사함 없이 살고 싶습니다.
감사,나는 지금 이 상황에 대해 감사하고 싶다.
감사,"사람들은 모른다, 나는 정말 감사합니다."
감사,그는 계속해서 좋은 말을하고 감사합니다.
감사,나는 하루 종일 감사했다.
감사,잠을 자고 깨어있는 것은 감사합니다.
감사,나는 지금 그것에 대해 감사하고 감사합니다.
감사,당신의 마음은 복잡하고 복잡합니다.
감사,하루 종일 기분이 좋지 않았다.
감사,아무도 아무 말도 하지 않았지만 나는 바보였다.
감사,그것은 눈물의 날과 같았다.
감사,"그것은 일어나지 않지만, 나는 여전히 죽고있다."
감사,왜 그런지 모르겠지만 힘들다.
감사,어렵고 피곤한 이유가 없었다.
감사,집중하지 않고 어리석은
감사,"내가 말했을 때, 내 마음은 텅 비어 있었다."
감사,"혼자있을 때, 불행을 제거하십시오."
감사,나는 바보였고 그냥 바보였다.
감사,거울 속에서 이상하게 느껴졌다.
감사,나는 앉아서 지붕을 바라보는 시간을 보냈다.
감사,나는 내 친구에게 대답할 수 없었다.
감사,나는 집안일을 하지 않았고 시간을 보냈다.
감사,나는 심지어 샤워를 하지 않았다.
감사,오늘은 아무것도 하지 않고 침대에 누워있었습니다.
감사,나는 휴대폰을 보면서 시간을 보냈다.
감사,나는 하루 종일 방에서 조용했다.
감사,나는 하루 종일 창문 밖을 바라보았다.
안도감,"그것은 너무 나쁘다, 나는 사람들을 만나는 것을 좋아하지 않는다."
안도감,"솔직히 말하자면, 지금은 힘들다."
안도감,"오늘날, 진정한 편안함 때문에 아무것도 손에 잡혀 있지 않습니다."
안도감,"나는 그것이 과장되고 과장되고 있다고 생각하고, 지금은 과장되고있다."
안도감,잠을 자고 깨어나는 것은 똑같다.
안도감,무슨 일이 일어나든 감정은 사라지지 않는다.
안도감,때때로 나는 문제없이 살고 싶다고 생각한다.
안도감,"사람들은 모른다, 나는 정말로 모른다."
안도감,나는 내가 병원에 가야한다는 것을 너무 걱정한다.
안도감,그것 때문에 웃는 것이 이상했습니다.
안도감,그것은 눈물의 날과 같았다.
안도감,집중하지 않고 어리석은
안도감,"혼자있을 때, 불행을 제거하십시오."
안도감,당신의 마음은 복잡하고 복잡합니다.
안도감,아무도 아무 말도 하지 않았지만 나는 바보였다.
안도감,"그것은 일어나지 않지만, 나는 여전히 죽고있다."
안도감,어렵고 피곤한 이유가 없었다.
안도감,하루 종일 기분이 좋지 않았다.
안도감,"내가 말했을 때, 내 마음은 텅 비어 있었다."
안도감,왜 그런지 모르겠지만 힘들다.
안도감,나는 집안일을 하지 않았고 시간을 보냈다.
안도감,오늘은 아무것도 하지 않고 침대에 누워있었습니다.
안도감,나는 하루 종일 창문 밖을 바라보았다.
안도감,나는 앉아서 지붕을 바라보는 시간을 보냈다.
안도감,나는 내 친구에게 대답할 수 없었다.
안도감,나는 심지어 샤워를 하지 않았다.
안도감,나는 휴대폰을 보면서 시간을 보냈다.
안도감,거울 속에서 이상하게 느껴졌다.
안도감,나는 하루 종일 방에서 조용했다.
안도감,나는 바보였고 그냥 바보였다.
자신감,좋은 날이었고 특별한 것은 없었다.
자신감,잠을 자고 깨어나는 것은 자신감이다.
자신감,오랫동안 그런 자신감을 느끼는 것은 처음이었습니다.
자신감,당신의 자신감은 내 인생 전체를 커버합니다.
자신감,"사람들은 모른다, 나는 매우 자신감있다."
자신감,나는 진정으로 자신감이 나를 먹는다는 것을 느낀다.
자신감,"당신이 어리석은 경우에, 당신의 신뢰를 밀어."
자신감,나는 자신감을 극복하고 싶지만 쉽지 않다.
자신감,나는 내가 병원에 갈 것이라고 확신한다.
자신감,"그것은 좋은 것처럼 보이지만, 그것은 완전히 자신감을 보인다."
자신감,하루 종일 기분이 좋지 않았다.
자신감,집중하지 않고 어리석은
자신감,당신의 마음은 복잡하고 복잡합니다.
자신감,어렵고 피곤한 이유가 없었다.
자신감,아무도 아무 말도 하지 않았지만 나는 바보였다.
자신감,"혼자있을 때, 불행을 제거하십시오."
자신감,"그것은 일어나지 않지만, 나는 여전히 죽고있다."
자신감,"내가 말했을 때, 내 마음은 텅 비어 있었다."
자신감,그것은 눈물의 날과 같았다.
자신감,왜 그런지 모르겠지만 힘들다.
자신감,나는 하루 종일 창문 밖을 바라보았다.
자신감,오늘은 아무것도 하지 않고 침대에 누워있었습니다.
자신감,나는 하루 종일 방에서 조용했다.
자신감,나는 휴대폰을 보면서 시간을 보냈다.
자신감,나는 앉아서 지붕을 바라보는 시간을 보냈다.
자신감,거울 속에서 이상하게 느껴졌다.
자신감,나는 심지어 샤워를 하지 않았다.
자신감,나는 내 친구에게 대답할 수 없었다.
자신감,나는 집안일을 하지 않았고 시간을 보냈다.
자신감,나는 바보였고 그냥 바보였다.
회복감,"회복과 회복, 지금은 만지지 않다고 생각합니다."
회복감,회복으로 인해 음식이나 잠이 없습니다.
회복감,회복은 너무 힘들어서 할 수 없습니다.
회복감,"사람들은 모른다, 나는 정말로 회복하고있다."
회복감,좋은 날이었고 특별한 일이 없었다.
회복감,그것은 좋은 것처럼 보이지만 완전히 회복 보입니다.
회복감,나는 고통을 겪고 아무 말도 하지 않는다.
회복감,그는 너무 심하게 회복되어서 아무도 만나고 싶지 않다.
회복감,이 조건이 회복되기를 바란다.
회복감,"나는 말하지 않았다, 그러나 나는 여전히 회복하고있다."
회복감,왜 그런지 모르겠지만 힘들다.
회복감,집중하지 않고 어리석은
회복감,그것은 눈물의 날과 같았다.
회복감,어렵고 피곤한 이유가 없었다.
회복감,"혼자있을 때, 불행을 제거하십시오."
회복감,하루 종일 기분이 좋지 않았다.
회복감,아무도 아무 말도 하지 않았지만 나는 바보였다.
회복감,"그것은 일어나지 않지만, 나는 여전히 죽고있다."
회복감,"내가 말했을 때, 내 마음은 텅 비어 있었다."
회복감,당신의 마음은 복잡하고 복잡합니다.
회복감,나는 집안일을 하지 않았고 시간을 보냈다.
회복감,나는 하루 종일 방에서 조용했다.
회복감,오늘은 아무것도 하지 않고 침대에 누워있었습니다.
회복감,나는 하루 종일 창문 밖을 바라보았다.
회복감,나는 휴대폰을 보면서 시간을 보냈다.
회복감,나는 내 친구에게 대답할 수 없었다.
회복감,거울 속에서 이상하게 느껴졌다.
회복감,나는 앉아서 지붕을 바라보는 시간을 보냈다.
회복감,나는 심지어 샤워를 하지 않았다.
회복감,나는 바보였고 그냥 바보였다.
자존감,"그는 괜찮다고 말하지만, 그는 여전히 자존심을 느낀다."
자존감,나는 하루 종일 자존심에 대해 생각했다.
자존감,"이 자존심이 계속된다면, 그것은 떨어질 것이다."
자존감,"나는 울고있다, 아마도 자존심 때문에."
자존감,"솔직히 말하자면, 나는 자존심 때문에 힘들다."
자존감,"무슨 일이 일어나든, 자존심은 사라지지 않는다."
자존감,나는 진정으로 자존심이 나를 먹는 것처럼 느낀다.
자존감,나는 이 나라가 자존심이 되기를 원한다.
자존감,자존심 때문에 음식도 없고 잠도 없다.
자존감,자존심을 위해 웃는 것은 이상한 일이었다.
자존감,아무도 아무 말도 하지 않았지만 나는 바보였다.
자존감,그것은 눈물의 날과 같았다.
자존감,집중하지 않고 어리석은
자존감,"그것은 일어나지 않지만, 나는 여전히 죽고있다."
자존감,"혼자있을 때, 불행을 제거하십시오."
자존감,어렵고 피곤한 이유가 없었다.
자존감,왜 그런지 모르겠지만 힘들다.
자존감,"내가 말했을 때, 내 마음은 텅 비어 있었다."
자존감,하루 종일 기분이 좋지 않았다.
자존감,당신의 마음은 복잡하고 복잡합니다.
자존감,나는 바보였고 그냥 바보였다.
자존감,나는 휴대폰을 보면서 시간을 보냈다.
자존감,나는 하루 종일 방에서 조용했다.
자존감,나는 앉아서 지붕을 바라보는 시간을 보냈다.
자존감,나는 집안일을 하지 않았고 시간을 보냈다.
자존감,오늘은 아무것도 하지 않고 침대에 누워있었습니다.
자존감,거울 속에서 이상하게 느껴졌다.
자존감,나는 심지어 샤워를 하지 않았다.
자존감,나는 내 친구에게 대답할 수 없었다.
자존감,나는 하루 종일 창문 밖을 바라보았다.
동기부여,나는 하루 종일 동기 부여와 우울함을 느꼈다.
동기부여,이 순간이 동기를 부여받기를 바란다.
동기부여,"나는 말하지 않았다, 그러나 나는 여전히 동기를 부여했다."
동기부여,"왜 그렇게 동기를 부여했는지, 나는 모른다."
동기부여,무슨 일이 일어나든 동기 부여는 사라지지 않습니다.
동기부여,그는 괜찮다고 말하고 계속 동기를 부여한다.
동기부여,"솔직히 말하자면, 동기를 부여하는 것은 어렵다."
동기부여,"사람들은 모른다, 나는 정말로 동기를 부여하고있다."
동기부여,동기를 극복하고 싶지만 쉽지 않다.
동기부여,"나는 울고있다, 아마도 내 동기 부여 때문에."
동기부여,"혼자있을 때, 불행을 제거하십시오."
동기부여,아무도 아무 말도 하지 않았지만 나는 바보였다.
동기부여,"그것은 일어나지 않지만, 나는 여전히 죽고있다."
동기부여,어렵고 피곤한 이유가 없었다.
동기부여,그것은 눈물의 날과 같았다.
동기부여,집중하지 않고 어리석은
동기부여,"내가 말했을 때, 내 마음은 텅 비어 있었다."
동기부여,당신의 마음은 복잡하고 복잡합니다.
동기부여,하루 종일 기분이 좋지 않았다.
동기부여,왜 그런지 모르겠지만 힘들다.
동기부여,나는 내 친구에게 대답할 수 없었다.
동기부여,나는 집안일을 하지 않았고 시간을 보냈다.
동기부여,오늘은 아무것도 하지 않고 침대에 누워있었습니다.
동기부여,나는 바보였고 그냥 바보였다.
동기부여,나는 심지어 샤워를 하지 않았다.
동기부여,거울 속에서 이상하게 느껴졌다.
동기부여,나는 휴대폰을 보면서 시간을 보냈다.
동기부여,나는 하루 종일 창문 밖을 바라보았다.
동기부여,나는 앉아서 지붕을 바라보는 시간을 보냈다.
동기부여,나는 하루 종일 방에서 조용했다.
마음의 평온,내 마음은 너무 조용해서 나는 사람들을 만나고 싶지 않다.
마음의 평온,이렇게 오랫동안 평화의 느낌을 느끼는 것은 처음이다.
마음의 평온,"당신의 마음은 조용하고 조용하고, 지금은 그것을 만지지 않은 것처럼 보입니다."
마음의 평온,잘 보이지만 완전히 조용해 보입니다.
마음의 평온,계속해서 마음속에서 평온함을 느낀다.
마음의 평온,"솔직히 말하자면, 나는 지금 내 마음의 평온함 때문에 힘들다."
마음의 평온,나는 이것이 지금 마음의 평화가 되기를 바란다.
마음의 평온,"당신의 마음의 평온함 때문에, 당신은 먹고 잠을 자지 않습니다."
마음의 평온,때때로 나는 평화 없이 살고 싶다고 생각한다.
마음의 평온,나는 평화의 감정을 표현하는 방법을 모른다.
마음의 평온,하루 종일 기분이 좋지 않았다.
마음의 평온,"내가 말했을 때, 내 마음은 텅 비어 있었다."
마음의 평온,"그것은 일어나지 않지만, 나는 여전히 죽고있다."
마음의 평온,왜 그런지 모르겠지만 힘들다.
마음의 평온,그것은 눈물의 날과 같았다.
마음의 평온,어렵고 피곤한 이유가 없었다.
마음의 평온,집중하지 않고 어리석은
마음의 평온,아무도 아무 말도 하지 않았지만 나는 바보였다.
마음의 평온,"혼자있을 때, 불행을 제거하십시오."
마음의 평온,당신의 마음은 복잡하고 복잡합니다.
마음의 평온,거울 속에서 이상하게 느껴졌다.
마음의 평온,나는 내 친구에게 대답할 수 없었다.
마음의 평온,나는 심지어 샤워를 하지 않았다.
마음의 평온,오늘은 아무것도 하지 않고 침대에 누워있었습니다.
마음의 평온,나는 하루 종일 창문 밖을 바라보았다.
마음의 평온,나는 바보였고 그냥 바보였다.
마음의 평온,나는 하루 종일 방에서 조용했다.
마음의 평온,나는 집안일을 하지 않았고 시간을 보냈다.
마음의 평온,나는 휴대폰을 보면서 시간을 보냈다.
마음의 평온,나는 앉아서 지붕을 바라보는 시간을 보냈다.
공감받음,나는 하루 종일 우울하고 우울하다고 느꼈다.
공감받음,나는 정말로 그것이 나를 먹는 것처럼 느낀다.
공감받음,"당신이 왜 그렇게 동정심을 가지고 있는지, 나는 모른다."
공감받음,"당신이 어리석은 경우에, empathy를 밀어."
공감받음,"솔직히 말하자면, 받아들이기 힘들다."
공감받음,"이 느낌이 계속된다면, 그것은 떨어질 것이다."
공감받음,"당신은 그것이 괜찮다고 말하지만, 당신은 계속 추적하고 있습니다."
공감받음,"나는 말없이 울고있다, 아마도 동정심 때문에."
공감받음,"사람들은 모른다, 나는 정말로 동정심이있다."
공감받음,나는 고통을 겪고 아무 말도 하지 않는다.
공감받음,"혼자있을 때, 불행을 제거하십시오."
공감받음,"내가 말했을 때, 내 마음은 텅 비어 있었다."
공감받음,하루 종일 기분이 좋지 않았다.
공감받음,어렵고 피곤한 이유가 없었다.
공감받음,아무도 아무 말도 하지 않았지만 나는 바보였다.
공감받음,왜 그런지 모르겠지만 힘들다.
공감받음,"그것은 일어나지 않지만, 나는 여전히 죽고있다."
공감받음,집중하지 않고 어리석은
공감받음,그것은 눈물의 날과 같았다.
공감받음,당신의 마음은 복잡하고 복잡합니다.
공감받음,나는 앉아서 지붕을 바라보는 시간을 보냈다.
공감받음,나는 바보였고 그냥 바보였다.
공감받음,거울 속에서 이상하게 느껴졌다.
공감받음,나는 집안일을 하지 않았고 시간을 보냈다.
공감받음,나는 내 친구에게 대답할 수 없었다.
공감받음,나는 휴대폰을 보면서 시간을 보냈다.
공감받음,나는 하루 종일 창문 밖을 바라보았다.
공감받음,나는 심지어 샤워를 하지 않았다.
공감받음,오늘은 아무것도 하지 않고 침대에 누워있었습니다.
공감받음,나는 하루 종일 방에서 조용했다.
